TMAX,TMIN,TAVG,DMAX,DMIN,DAVG,HMAX,HMIN,HAVG,VDEF,9AVG,HDEG,CDEG,WMAX,PMAX,PMIN,PAVG,MSLP,AMAX,ATOT,RAIN,KW
29.19,22.72,24.72,22.99,16.79,18.64,81.65,73.26,77.33,1.03,24.39,39.04,0,26.15,29.16,28.95,29.07,30.33,181.43,3.2,0,5.15
30.15,24.38,27.19,28.85,17.68,20.78,94.82,66.68,76.72,1.17,27,37.74,0,12.64,29.08,28.85,28.97,30.23,111.85,1.59,0,2.22
32.53,30.08,31.45,31.84,28.53,30.78,99.43,92.19,97.36,0.16,31.43,33.69,0,11.11,28.89,28.63,28.76,30.01,152.73,1.66,0.73,1.53
64.85,27.71,46.17,41.87,27.1,34.57,98.68,33.76,68.56,4.94,0,18.72,0,15.42,28.86,28.76,28.8,30.05,579.86,12.62,0.16,17.53
65.82,42.55,54.83,55.14,36.42,44.33,88.92,53.31,68.35,4.89,55.47,10.81,0,29.37,28.77,28.57,28.66,29.91,572.48,7.52,0,11.14
66.97,40.08,58.81,55.76,34.44,42.91,87.69,34.71,57.82,7.49,59.95,11.47,0,28.66,28.74,28.56,28.66,29.91,586.71,12.74,0,18.29
55.85,35.27,45.7,37.41,23.57,29.42,93.41,32.15,55.66,5.13,48.07,19.44,0,24.11,29.26,28.74,29.05,30.31,559.45,10.46,0,15.75
53.46,28.78,40.21,28.22,14.71,22,81.69,21.7,51.76,4.71,43.09,23.88,0,10.16,29.34,29.12,29.24,30.5,589.95,0,0,19.11
49.86,34.8,42.97,28.34,19.93,24.44,58.73,33.59,47.98,5.02,43.56,22.67,0,25.57,29.12,28.85,28.98,30.24,699.58,4.15,0,5.67
44.71,40.33,42.84,43.45,28.21,37.27,97.96,53.18,82.75,1.69,42.94,22.48,0,24.11,28.85,28.57,28.71,29.96,63.05,0.83,0.6,0.81
45.99,32.58,38.13,45.93,27.85,35.04,99.74,78.34,88.7,0.82,38.26,25.71,0,31.43,29.06,28.54,28.79,30.04,157.46,1.86,0.03,3.12
33.97,29.99,32.13,29.09,26.31,27.79,87.15,79.13,83.81,1,32.11,33.02,0,22.5,29.21,29.05,29.15,30.41,116.37,1.9,0,3.13
46.65,32.58,37.06,32.83,28.35,30.31,88.31,56.41,77.13,1.88,37.44,25.38,0,11.84,29.2,29.05,29.13,30.39,618.43,10.76,0,15.36
50.94,30.89,40.7,40.89,29.45,35.62,94.54,67.97,82.65,1.76,40.8,24.09,0,15.86,29.05,28.9,28.97,30.23,624.95,10.27,0.01,16.33
48.79,39.63,44.16,48.25,37.59,42.86,99.79,84.36,95.17,0.46,44.62,20.79,0,19.28,28.93,28.69,28.81,30.06,116.37,2.27,0,3.35
50.13,35.88,42.77,48.28,34.32,39.1,99.97,62.41,87.68,1.28,43.95,22,0,22.95,28.94,28.69,28.84,30.09,670.75,8.81,0,13.5
64.02,34.98,47.62,50.45,33.11,42.59,98.73,55.81,84.16,2.42,48.02,15.5,0,45.88,28.84,28.32,28.54,29.78,627.98,8.01,0.01,11.59
37.58,21.96,27.53,32.87,16.02,19.64,83.57,59.63,72.07,1.43,27.36,35.23,0,45.1,29.11,28.57,28.92,30.17,504.68,6.89,0,9.94
44.19,17.6,30.26,23.24,14.04,19.2,89.95,38.6,65.86,2.43,30.94,34.1,0,17.1,29.13,28.87,29,30.26,576.52,11.85,0,18.13
56.26,33.85,43.5,42.11,23.08,30.54,81.4,39.88,61.34,4.09,43.64,19.94,0,36.24,28.88,28.5,28.67,29.91,660.18,12.06,0,18.7
55.06,25.58,42.42,50.49,15.4,36.89,93.5,64.32,80.73,1.81,42.51,24.68,0,37.2,28.86,28.48,28.62,29.86,173.68,1.7,0.01,2
42.71,20.71,30.57,21.44,15.08,17.54,82.46,37.14,59.67,2.63,31.06,33.29,0,30.18,28.93,28.76,28.84,30.09,641.93,14.26,0,22.36
47.89,25.57,34.92,28.6,18.37,23.92,81.43,40.77,64.93,2.68,35.97,28.27,0,26.24,29.14,28.76,28.92,30.17,688.07,8.93,0,15.59
40.48,17.85,27.79,18.85,10.12,14.66,76.81,33.26,58.98,2.35,29,35.83,0,11.98,29.15,28.96,29.05,30.31,642.93,9.39,0,13.78
55.47,22.48,39.3,29.95,18.13,23.93,91.37,25.47,58.54,4.38,40.82,26.03,0,16.88,29,28.84,28.92,30.18,668.33,12.87,0,21.2
59.56,29.36,44.48,31.57,23.22,27.37,83.16,27.71,53.9,5.52,45.47,20.54,0,18.41,28.92,28.54,28.79,30.04,641.78,14.55,0,21.87
47.1,24.68,40.46,34.04,15.14,24.36,69.98,38.1,52.88,4.17,41.37,29.11,0,42.01,29.05,28.48,28.77,30.02,711.27,7.93,0,12
43.53,19.03,32.05,21.02,8.1,15.36,84.94,25.41,54.15,3.36,33.26,33.72,0,16.88,29.07,28.92,28.99,30.25,667.28,11.19,0,19.15
42.62,19,30.55,19.79,11.54,16.16,80.64,35.74,56.26,2.79,31.14,34.19,0,20.89,29.04,28.86,28.94,30.2,656.8,14.93,0,23.36
52.56,23.64,40.04,44.61,17.49,33.32,87.45,65.39,76.91,2.09,40.72,26.9,0,20.89,28.86,28.73,28.8,30.05,319.86,4.61,0,6.94
61.12,45.2,50.68,52.24,44.17,48.34,99.46,64.2,92.21,1.17,50.79,11.84,0,15.78,28.9,28.81,28.85,30.11,589.47,4.63,0,6.13
62.11,52.36,56.4,54.94,51.05,53.49,95.72,74.7,90.18,1.61,56.37,7.76,0,24.18,28.87,28.65,28.77,30.02,356.12,4.47,0,6.99
71.06,57.13,62.38,56.74,51.82,54.69,92.78,50.68,77.37,4.86,62.32,0.91,0,31.63,28.65,28.39,28.5,29.75,698.17,11.24,0,14.21
61.36,39.93,50.1,56.61,37.35,44.1,93.12,62.55,80.23,2.61,50.24,14.36,0,23.09,28.68,28.42,28.58,29.82,586.08,10.6,0,16.02
44.93,35.26,39.88,44.89,35.1,39.42,99.96,89.54,98.27,0.14,39.7,24.91,0,16.08,28.68,28.57,28.62,29.86,215.52,2.94,0.03,5.1
40.82,34.31,37.19,40.82,34.31,37.18,100,99.5,99.97,0,37,27.44,0,25.86,28.62,28.48,28.56,29.8,222.39,3.27,0.05,5.58
34.68,18.67,24.02,34.63,8.65,17.23,99.82,54.33,75.8,1.05,23.98,38.32,0,37.2,29.27,28.52,28.96,30.22,818.15,12.1,0,19
35.03,13.78,23.73,13.13,3.98,8.48,78.51,31.12,53.78,2.27,24.21,40.59,0,16.73,29.46,29.26,29.37,30.64,761.41,15.5,0.02,25.63
40.18,21.28,30.51,27.4,11.59,16.53,79.43,30.79,57.49,2.67,30.39,34.27,0,17.83,29.36,29.01,29.22,30.49,409.11,6.06,0.01,10.2
41.17,31.77,36.89,40.02,27.46,35.83,100,79.65,95.93,0.3,36.83,28.53,0,22.28,29.01,28.74,28.87,30.13,178.71,2.94,0.02,5.56
52.77,40,45.88,51.14,40,44.83,100,82.81,96.27,0.47,46.02,18.61,0,30.62,28.74,28.38,28.54,29.78,212.75,3.28,0.09,4.99
53.65,30.9,41.68,40.18,18.96,26.61,90.93,25.76,59.36,4.23,42.71,22.72,0,36.75,29.01,28.61,28.92,30.17,726.89,17.22,0,26.44
61.79,33.66,48.94,32.96,22.32,27.81,67.52,28.36,45.43,7.27,49.46,17.28,0,35.72,28.98,28.47,28.74,29.99,680.64,11.62,0,19.64
69.49,47.62,57.93,36.58,25.09,30.66,59.78,19.85,36.74,11.01,58.57,6.44,0,27.04,28.6,28.36,28.46,29.7,769.91,11.92,0,18.57
47.21,23.44,32.3,34.23,20.31,24.9,90.19,59.67,74.4,1.72,31.93,29.68,0,25.79,28.77,28.52,28.63,29.87,267.75,4.39,0,7.47
33.58,22.13,27.28,32.14,20.35,26.04,98.5,88.07,95.01,0.25,27.03,37.15,0,19.15,28.76,28.38,28.58,29.83,182.39,3.21,0,5.11
47.79,24.96,35.61,32.19,19.82,24.73,95.3,37.2,67.13,2.73,35.85,28.63,0,24.7,28.94,28.53,28.73,29.98,755.51,18.08,0,27.87
37.39,19.96,29.43,19.86,12.92,15.47,74.98,39.57,57.1,2.58,29.26,36.32,0,22.95,29.16,28.95,29.08,30.35,683.57,12.9,0,22.42
32.87,30.39,31.18,30.89,18.62,26.05,98.26,60.18,82.33,1.04,31.15,33.37,0,20.54,29.09,28.66,28.87,30.12,122.44,1.89,0.09,3.17
52.61,29.99,39.54,33.79,18.2,28.31,99.11,27.43,68.97,3.26,39.48,23.7,0,23.82,28.76,28.62,28.66,29.9,780.15,18.44,0.07,28.72
55.2,34.09,43.51,35.53,29.95,32.78,88.3,38.72,67.97,3.61,43.55,20.35,0,28.5,28.81,28.7,28.76,30.01,706.36,12.52,0,20.16
46.69,38.82,43.3,45.28,33.54,41.49,99.56,78.37,93.41,0.62,43.21,22.25,0,17.1,28.84,28.62,28.73,29.98,420.73,4.06,0.18,6.19
63.3,36.71,48.65,48.97,26.73,37.4,100,29.11,69.96,4.18,48.37,15,0,47.65,28.91,28.36,28.54,29.78,779.18,17.49,0.04,28.45
56.12,27.28,42.05,26.49,14.54,19.42,73.82,20.19,44.33,5.93,42.78,23.3,0,21.56,29.13,28.91,29.05,30.31,796.86,19.48,0,29.97
62.78,30.82,48.26,30.2,19.5,24.95,65.84,27.13,41.55,7.63,48.9,18.2,0,32.01,29.07,28.84,28.95,30.21,825.98,18.66,0,27.94
49.64,30,37.87,45.54,25.85,31.54,93.59,51.38,78.69,1.88,37.64,25.18,0,18.92,28.95,28.85,28.89,30.14,213.55,4.12,0,7.43
33.18,21.31,25.87,32.11,19.75,24.75,99.19,90.86,95.45,0.2,25.63,37.75,0,16.08,28.99,28.86,28.93,30.19,121.29,2.1,0,4.03
25.04,20.22,22.5,23.71,18.57,20.37,94.6,87.25,91.36,0.36,22.27,42.37,0,0,28.96,28.83,28.9,30.16,181.88,3.49,0,5.43
36.79,24.79,29.85,30.62,22.96,26.66,94.85,74.5,88.02,0.73,30.04,34.21,0,0,28.92,28.76,28.84,30.09,552.49,6.9,0.03,10.25
35.82,26.48,32.54,30.7,25.05,28.28,95.27,74.43,84.37,1.02,32.72,33.85,0,19.51,28.97,28.86,28.91,30.17,138.57,3.11,0,5.13
32.1,13.84,23.14,28.89,3.6,16.13,95.2,59.01,74.6,1.04,22.8,42.03,0,29.3,29.18,28.85,29.03,30.29,522.49,8.55,0,10.74
26.55,10.13,16.72,7.91,-3.22,1.28,75.34,31.29,51.82,1.67,16.39,46.66,0,21.77,29.25,29.14,29.19,30.45,650.25,12.68,0,21.58
42.54,12.94,27.21,11.94,3.68,8.11,81.25,22.23,48.89,3.24,28.06,37.26,0,22.15,29.28,29.15,29.21,30.47,839.82,21.12,0,32.53
53.62,20.4,37.33,20.69,9.07,13.51,64.95,19.75,40.59,5.45,37.67,27.99,0,31.34,29.22,28.82,29.04,30.3,826.54,20.91,0,33
61.29,39.9,49.85,43.26,20.79,33.29,89.28,36.4,54.36,6.11,50.51,14.41,0,26.82,28.82,28.56,28.67,29.91,771.39,12.53,0,21.2
54.14,41.76,48.5,49.58,38.88,45.92,99.66,76.45,91.1,1.12,48.93,17.05,0,13.81,28.68,28.42,28.58,29.82,457.48,7,0,11.96
72.82,46.12,59.12,53.37,28.15,38.47,95.77,19.63,52.67,9.35,59.23,5.53,0,43.2,28.77,28.28,28.47,29.71,841.94,21.55,0.2,32.65
46.06,37.3,40.14,38.8,25.31,30.93,97.82,48.74,71.02,2.53,40.11,23.32,0,24.76,29,28.77,28.92,30.18,354.53,4.84,0.54,7.87
60.42,38.38,48.9,50.34,37.74,44.1,98.44,65.2,84.5,2.29,48.88,15.6,0,15.56,29.09,28.93,29.01,30.27,581.74,9.94,0.19,16.91
60.69,51.19,55.26,60.23,49.8,54.65,99.54,91.26,97.78,0.32,55.32,9.06,0,25.37,28.96,28.42,28.75,29.99,157.85,2.75,0.05,3.56
70.12,50.04,62.16,60.81,32.91,46.84,97.89,32.31,62.54,7.88,62.47,4.92,0,52.84,28.41,28.08,28.2,29.43,860.25,19.74,1.05,30.02
54.43,42.27,47.57,33.07,22.23,29.56,64.28,39.26,49.91,5.76,47.58,16.65,0,36.91,29.04,28.31,28.7,29.95,972.61,18.14,0,32.39
54.19,33.49,43.66,25.85,17.48,21.69,71.8,24.53,43.41,5.95,44.15,21.16,0,31.21,29.21,29.03,29.13,30.4,885.43,23.12,0,36.22
61.27,27.14,45.79,29.84,19.32,24.13,92.14,21.66,48.32,6.94,48.09,20.8,0,12.2,29.22,29.06,29.14,30.4,883.65,23.16,0,34.67
67.51,32.2,52.02,34.18,24.52,28.62,86.66,22.11,44.71,8.91,54.04,15.14,0,20.54,29.1,28.97,29.04,30.3,880.62,22.97,0,34.19
69.15,36.21,54.77,34.26,26.8,29.58,77.93,21.76,41.52,10.02,56.92,12.32,0,14.18,29.09,28.95,29.01,30.27,867.09,22.55,0,33.23
70.56,43.93,57.65,42.59,28.76,33.77,67.49,23.42,43.27,10.37,58.07,7.76,0,29.01,28.99,28.85,28.93,30.18,999.37,21.58,0,34.17
62.65,42.97,51.75,44.02,26.57,36.44,93.91,27.61,59.85,5.96,52.52,12.19,0,26.82,29.06,28.91,28.97,30.23,900.21,21.13,0.02,31.52
67.51,37.47,53.03,39.1,28.11,33.99,76.37,28.79,50.49,7.83,54.84,12.51,0,17.9,29,28.89,28.93,30.19,899.67,22.6,0,35.91
72.73,37.88,57.47,39.16,31.81,35.49,87.54,26.05,47.77,10.36,59.18,9.69,0,22.28,28.95,28.74,28.86,30.11,982.43,19.85,0,32.06
74.03,50.47,60.94,58.53,38.03,51.72,94.9,40.94,73.58,5.43,61.02,2.75,0,27.04,28.81,28.62,28.72,29.97,993.9,15.21,0.32,23.34
67.17,49.48,60.38,59.31,44.42,52.53,92.04,51.31,76.51,4.39,60.91,6.67,0,16.52,28.86,28.69,28.76,30.01,905.79,14.12,0,23.92
60.48,42.95,51.6,46.78,39.56,44.03,91.81,56.42,76.12,3.36,52.07,13.29,0,20.83,29.08,28.85,28.98,30.24,876.96,12.51,0,20.9
68.61,38.27,54.24,45.94,37.13,40.58,99.22,32.77,64.75,6.58,55.55,11.56,0,13.81,29.14,28.99,29.06,30.32,884.58,23.34,0,35.07
73.92,49.62,61.12,47.6,40.45,44.45,78.3,35.21,56.09,9.08,61.21,3.23,0,30.24,29,28.79,28.91,30.16,1078.37,19.56,0,29.78
74.8,56.86,65.26,58.53,47.05,53.6,76.84,56.9,66.23,7.49,65.21,0,0.83,32.73,28.83,28.65,28.74,29.99,897.22,16.33,0,25.89
70.07,48.92,63.06,58.99,46.53,56.01,95.01,67.91,78.12,4.54,63.15,5.51,0,27.18,28.69,28.52,28.61,29.86,368.81,6.57,0.02,10.24
48.74,36.69,42.77,46.34,25.09,33.89,96.61,54.09,71.9,2.67,42.93,22.28,0,40.91,29.13,28.57,28.92,30.17,820.04,8.31,0.55,13.15
51.28,30.35,40.94,26.16,18.32,22.74,77.06,27.83,50.8,4.8,41.14,24.19,0,20.67,29.21,29.04,29.12,30.38,940.32,25.2,0,40.62
57.76,36.19,46.71,31.23,21.94,26.13,77.95,27.96,46.66,6.37,47.41,18.03,0,15.56,29.05,28.85,28.96,30.22,931.68,21.18,0,31.79
70.88,38.84,56.13,39.63,28.69,35.64,79.7,27.76,48.76,9.39,56.19,10.14,0,22.73,28.89,28.76,28.84,30.09,926.17,24.74,0,38.07
67.14,50.07,59.01,51.14,38.08,43.17,77.77,43.65,56.18,7.73,59.05,6.4,0,31.79,28.85,28.65,28.77,30.02,1025.53,15.44,0.05,25.23
72.91,52.32,60.84,57.62,49.47,52.95,97.55,45.39,77.74,4.97,61.37,2.38,0,35.3,28.81,28.62,28.74,29.99,1071.15,18.52,0.29,29.15
75.72,45.68,62.96,56.83,45.07,52.23,98.85,42.89,71.01,7.09,63.65,4.3,0,18.92,28.83,28.67,28.76,30,972.81,21.99,0,35.3
73.15,59.34,64.35,61.39,53.79,57.44,96.24,55.85,79.21,4.66,64.44,0,1.25,23.6,28.73,28.54,28.64,29.88,1064.22,13.81,0.32,19.03
72.66,55.98,63.17,61.01,53.18,58.04,99.43,63.91,84.47,3.58,64.09,0.68,0,14.61,28.75,28.6,28.67,29.91,771.76,12.59,0,19.93
80.17,53.42,66.48,55.81,42.55,49.7,91.06,26.66,59.54,10.97,68.59,0,1.79,25.57,28.78,28.68,28.73,29.97,942.04,24.77,0,35.27
86.41,50.7,70.36,52.72,42.84,48.42,94.03,22.28,51.46,15.75,72.32,0,3.56,22.66,28.71,28.45,28.6,29.84,965.93,24.84,0,37.07
87.03,67.35,76.14,56.22,50.03,52.97,58.09,29.8,45.45,17.69,76.48,0,12.19,35.59,28.44,28.07,28.24,29.47,1066.39,20.56,0,31.94
75.63,38.97,51.25,55.37,24,30.72,71.67,22.34,47.45,7.38,51.3,7.7,0,31.56,28.62,28.16,28.44,29.68,958.26,26.74,0,42.18
59.63,34.86,48.73,33.26,24.05,28.73,69.62,32.18,47.4,6.81,49.15,17.76,0,17.39,28.78,28.61,28.7,29.95,995.69,21.27,0,35.94
51.75,38.38,44.97,41.02,28.59,36.27,93.46,40.63,74.51,2.94,45.35,19.93,0,43.04,28.77,28.51,28.63,29.87,121.37,1.3,2.18,2.05
63.23,39.77,51.84,39.86,32.32,36.57,84.71,37.34,57.67,6.23,52.13,13.5,0,23.82,28.74,28.61,28.67,29.92,964.23,26.9,0.01,42.13
78.94,50.79,64.23,53.43,38.83,47.18,69.33,36.7,54.93,10.35,64.5,0.13,0,31.94,28.65,28.56,28.61,29.85,1043.8,26.16,0,40.29
73.62,58.08,65.98,59.14,50.66,56.2,86.08,59.9,71.15,6.54,66.18,0,0.85,29.15,28.7,28.56,28.62,29.87,700.41,13.74,0,22.8
78.84,58.46,69.47,68.06,56.45,62.89,95.22,61.65,80.21,5.31,69.46,0,3.65,37.11,28.56,28.37,28.48,29.71,1014.65,17.33,0.43,19.68
68.52,50.18,58.03,57.15,40.11,47.2,94.93,37.82,69.59,5.48,58.38,5.65,0,41.2,28.74,28.43,28.62,29.86,992.71,22.92,0.04,37.01
64.54,45.24,54.38,43.86,35.37,39.19,90.83,34.4,58.77,6.65,55.1,10.11,0,29.24,28.89,28.74,28.81,30.06,1043.77,27.65,0,41.63
78.31,41.03,62.3,50.74,36.63,45.28,92.64,33.27,57.86,10.48,63.74,5.33,0,23.67,28.8,28.6,28.71,29.96,969.82,27.66,0,41.52
81.23,59.4,70.1,59.86,50.21,55.15,73.81,41.82,60.11,10.87,70.32,0,5.31,33.76,28.64,28.55,28.6,29.84,1176.73,23.68,0,38.16
70.77,61.88,67.21,63.68,56.47,60.45,95.74,66.68,79.12,4.8,67.49,0,1.33,26.53,28.81,28.63,28.74,29.99,460.01,0,0.04,12.41
64.49,55.81,59.32,63.32,53.77,56.93,98.08,82.91,91.88,1.41,59.14,4.85,0,36.98,28.84,28.72,28.76,30.01,896.89,8.31,0.49,13.68
61.77,53.17,56.99,55.52,52.22,54.14,98.39,77.04,90.45,1.61,57.42,7.53,0,11.4,28.75,28.57,28.66,29.9,356.73,6.43,0.03,9.07
78.85,51.67,63.68,56.05,48.13,52.5,99.57,36.28,71.02,7.56,64.37,0,0.26,31.14,28.86,28.55,28.65,29.9,1009.05,0,0,40.96
75.06,46.07,63.16,50.92,41.11,45.33,97.12,30.69,56.7,10.41,64.6,4.44,0,21.34,28.96,28.71,28.85,30.1,973.21,27.93,0,41.32
81.81,59.23,69.24,59.69,41.44,49.37,66.2,28.79,50.46,13.02,69.58,0,5.52,27.69,28.72,28.56,28.6,29.84,951.66,26.94,0,39.5
80.92,50.58,66.13,65.16,41.05,53.22,80.9,49.17,63.7,8.48,65.93,0,0.75,30.33,28.71,28.49,28.62,29.86,1042.58,24.12,0,37.91
73.29,62.26,67.16,64.74,60.26,62.1,98.9,71.61,84.33,3.8,67.15,0,2.78,26.89,28.74,28.51,28.64,29.89,1011.9,9.26,0.01,14.9
75.43,56.89,66.45,70.77,56.14,64.46,98.94,81.39,93.57,1.65,66.55,0,1.16,27.47,28.7,28.47,28.6,29.84,616.51,5.44,0.5,7.7
72.7,57.42,64.03,66.66,54.57,60,99.78,65.25,87.46,2.77,64.18,0,0.06,37.71,28.7,28.56,28.64,29.88,844.04,7.98,0.9,10.34
67.35,56.3,61.99,58.82,54.33,57.02,97.79,70.92,84.26,3.19,62.07,3.17,0,20.02,28.85,28.65,28.76,30.01,1099.06,0,0,23
66.52,55.76,58.59,61.84,54.85,57.03,97.62,79.71,94.6,0.94,58.59,3.86,0,19.08,28.78,28.64,28.72,29.97,306,0,1.22,9.02
70.65,55.18,61.16,57.89,53.2,55.44,99.51,55.36,82.95,3.68,61.37,2.09,0,14.1,28.77,28.64,28.71,29.95,1140.59,18.46,0,23.96
78.28,53.78,67,65.07,52.89,59.66,98.28,61.84,78.56,5.78,67.1,0,1.03,23.82,28.73,28.54,28.63,29.88,1063.37,26.83,0.4,40.19
82.51,60.82,71.34,68.16,58.12,62.59,95.49,53.54,75.34,7.45,71.49,0,6.66,28.43,28.7,28.59,28.66,29.9,990.37,23.16,0.09,34.36
81.07,61.45,71.83,68.9,60.01,64.55,95.94,60.69,78.83,6.3,71.83,0,6.26,32.3,28.77,28.54,28.67,29.91,1067.81,21.66,0.09,31.59
70.63,57.67,63.87,66.32,56.69,59.73,98.58,70.98,86.92,2.89,63.99,0.85,0,34.49,28.63,28.39,28.49,29.73,738.98,14.63,2.02,22.02
60.69,46.81,53,56.35,39,45.79,92.83,64.73,76.69,3.14,52.68,11.25,0,28.95,28.91,28.56,28.75,30,857.06,14.02,0.01,22.1
62.87,41.68,52.26,50.5,39.21,43.8,95.62,52.82,74.48,3.89,52.22,12.72,0,23.67,28.92,28.78,28.86,30.11,1038.7,19.99,0.43,33.85
59.88,49.82,53.84,52.51,48.92,50.51,98.18,71.34,88.89,1.7,54.03,10.15,0,16.66,28.79,28.63,28.7,29.94,817.71,7.68,0.12,14.11
74.03,45.31,61.06,53.16,40.72,47.04,99.61,30.67,65.06,8.21,62.12,5.33,0,21.18,28.69,28.61,28.65,29.89,1070.24,27.1,0,39.96
81.03,50.16,68.13,60.02,47.16,54.73,92.12,42.11,64.59,10.1,69.17,0,0.6,23.17,28.71,28.62,28.67,29.91,1066.54,28.69,0,41.95
82.26,60.31,72.37,60.01,53.59,56.47,80.23,40.37,58.68,12.22,72.77,0,6.28,24.11,28.75,28.67,28.71,29.96,980.21,26.91,0,39.73
85.33,61.5,74.45,65.36,57.36,61.18,86.55,45.22,64.94,11.54,74.71,0,8.42,22.95,28.76,28.68,28.72,29.96,973.02,28.97,0,42.46
85.37,63.95,75.07,69.34,60.09,63.25,87.89,47.21,68.16,10.57,75.26,0,9.66,24.47,28.74,28.61,28.68,29.92,1049.84,27.78,0,40.6
82.09,67.69,74.82,67.42,61.06,65.1,87.27,58.32,72.46,8.63,74.88,0,9.89,31.43,28.6,28.44,28.53,29.76,1085.05,20.88,0,32.15
74.82,61.57,68.05,69.5,59.92,64.41,97.46,78.7,88.41,2.91,68.16,0,3.2,36.62,28.5,28.34,28.41,29.64,836.05,7.39,0.82,9.24
76.62,51.75,65.9,66.34,48.38,54.61,98.52,47.38,68.53,7.67,66.45,0.82,0,22.21,28.73,28.46,28.65,29.89,994.26,30.19,0,44.81
79.54,59.9,68.5,72.76,55.94,63.91,97.89,73.68,85.52,3.74,68.7,0,4.72,28.05,28.71,28.31,28.5,29.74,529.88,5.98,1.09,8.87
75.36,62.4,67.87,67.81,41.39,53.55,99.42,29.82,65.67,8.93,68.12,0,3.88,51.81,28.37,28.26,28.3,29.53,1015.9,23.71,1.9,34.81
84.58,55.54,73.03,73.34,46.18,63.29,83.25,54.76,71.8,7.89,73.64,0,5.06,23.31,28.61,28.37,28.49,29.73,997.03,15.44,0,20.31
84.11,72.82,77.58,72.1,67.21,69.94,94.25,61.27,78.19,7.48,77.83,0,13.47,32.14,28.75,28.61,28.69,29.93,970.85,16.92,0,25.4
83.95,64.44,76.35,72.18,63.27,69.43,97.55,65.24,80.05,6.83,76.53,0,9.19,36.17,28.81,28.62,28.71,29.95,896.09,15.8,0.74,23.63
84.09,64.09,73.68,71.98,62.01,67.07,97.65,65,80.92,6.34,73.8,0,9.09,41.58,28.85,28.66,28.74,29.99,1124.57,22.21,1.05,33.12
82.18,63.54,73.53,69.4,62.42,66.53,98.05,60.78,79.94,6.48,73.63,0,7.86,25.43,28.83,28.65,28.75,30,1071.02,22.01,0.08,34.67
80.94,71.4,76.24,70.18,66.4,67.95,86.54,67.33,75.79,7.68,76.4,0,11.17,30.62,28.66,28.48,28.58,29.82,1076.66,19.72,0,26.89
82.98,66.43,74.24,71.57,61.26,67.51,89.11,67.95,79.85,6.13,74.47,0,9.7,31.63,28.5,28.37,28.45,29.68,762.82,16.56,0.02,25.98
75.16,58.19,66.58,72.08,57.54,63.79,98.63,78.98,90.84,2.09,67.09,0,1.68,21.56,28.68,28.45,28.55,29.79,540.92,6.03,0.24,9.02
79.7,54.84,67.94,61.15,47.75,55.33,100,32.72,68.76,9.19,69.54,0,2.27,19.8,28.79,28.68,28.73,29.98,990.6,30.32,0,44.6
84.27,57.4,72.62,62.44,54.28,59.1,95.86,39.2,65.39,11.31,74.14,0,5.84,14.1,28.82,28.69,28.75,30,1003.84,26.23,0,36.44
85.46,62.64,72.2,71.54,59.38,63.8,92.85,55.12,75.75,7.19,72.95,0,9.05,45.45,28.8,28.63,28.71,29.96,1041.24,19.48,0.16,30.62
86.04,65.19,75.37,66.41,61.89,64.77,97.14,46.93,72.06,9.81,75.54,0,10.61,13.96,28.74,28.66,28.71,29.95,1064.2,26.37,0,37.84
87.08,66.2,75.82,71.67,64.09,68.46,96.07,54.12,79.36,7.33,75.97,0,11.64,21.7,28.75,28.65,28.7,29.95,1084.36,20.36,0,28.7
83.17,66.07,74.58,70.01,62.69,67.36,95.63,59.24,79.28,6.69,74.47,0,9.62,29.75,28.78,28.61,28.69,29.93,869.13,0,0.3,28.86
87.73,68.52,75.2,72.79,66.96,69.28,97.56,50.59,83.31,5.86,75.02,0,13.12,22.37,28.69,28.57,28.62,29.87,1179.18,22.11,0.01,30.49
75.54,65.91,69.69,70.3,62.97,66.61,97.3,68.29,90.31,2.49,69.57,0,5.73,25.28,28.6,28.51,28.55,29.79,1067.42,10.58,0.1,16.11
87.19,65.68,75.76,68.65,62.98,65.69,96.79,47.48,73.29,9.59,75.41,0,11.43,21.18,28.61,28.53,28.57,29.81,1084.37,27.04,0,36.14
88.03,63.37,77.07,67.99,61.64,65.61,94.86,46.29,69.82,11.07,77.67,0,10.7,15.42,28.66,28.58,28.62,29.86,983.53,29.78,0,43.01
83.25,64.02,72.78,69.64,54.2,63.67,99.53,49.9,74.12,7.62,72.97,0,8.63,50.78,29.02,28.62,28.79,30.04,966.03,19.39,1.47,24.88
76.14,58.05,67.55,55.38,45.43,50.43,86.22,35.53,56.78,10.94,67.98,0,2.09,25.95,29.13,28.99,29.06,30.32,1043.68,30,0,44.98
79.34,56.28,69.29,60.24,50.95,54.54,93.43,41.39,62,10.66,69.84,0,2.81,22.86,29,28.75,28.87,30.12,1082.5,28.01,0,41.54
80.51,54.86,69.83,56.87,50.16,53.01,91.14,35.81,57.82,11.95,70.86,0,2.69,17.9,28.93,28.78,28.85,30.11,984.34,30.3,0,44.38
85.96,62.17,74.67,70.58,53.16,63.82,93.09,57.05,69.76,9.6,74.7,0,9.07,31.14,28.79,28.51,28.64,29.88,1040.85,22.75,0.39,34.79
86.88,65.64,79.28,74.09,62.27,69.51,90.21,61.45,72.54,9.9,79.36,0,11.26,50.42,28.64,28.5,28.56,29.8,1067.02,19.05,0.16,28.65
79.5,62.47,69.23,67.35,61.92,64.85,98.67,58.84,86.95,3.67,69.31,0,5.99,20.83,28.69,28.51,28.63,29.87,1192.89,16.2,0.9,27.28
83.37,63.75,73.53,68.47,62.93,65.61,99.42,50.76,78.31,7.26,73.95,0,8.56,16.37,28.73,28.62,28.67,29.91,1102.45,25.28,0.01,37.72
87.91,66.2,78.15,69.53,64,66.97,99.02,47.78,71.06,11.14,78.61,0,12.05,18.7,28.72,28.54,28.64,29.88,993.36,25.81,0,37.47
85.03,62.65,74.06,69,61.88,65.3,97.93,50.1,76.14,8.14,74.54,0,8.84,41.14,28.69,28.45,28.54,29.78,1026.62,27.06,0.68,39.3
91.96,67.86,81.35,78.33,66.2,72.66,95.48,60.3,76.14,10,81.61,0,14.91,20.83,28.55,28.46,28.5,29.74,1080.86,27.52,0,38.56
91.76,79.09,85.39,76.58,71.7,74.85,91.28,55.4,71.91,12.45,85.32,0,20.42,35.3,28.54,28.45,28.49,29.73,968.85,28.76,0,41.38
90.59,76.68,82.07,76.28,67.82,72.82,87.47,49.66,74.43,10.08,82.04,0,18.63,29.3,28.62,28.52,28.58,29.82,1011.55,22.89,0,30.35
79.16,67.05,73.5,74.43,65.26,70.61,98.19,75.27,90.89,2.73,73.7,0,8.1,25.57,28.64,28.49,28.55,29.79,1045.28,7.26,0.92,10.35
83.86,64.06,74.35,68.59,56.58,62.29,99.67,43.32,68.94,10.25,74.81,0,8.96,16.15,28.72,28.58,28.66,29.91,993.3,30.76,0.01,44.5
88.39,69.31,78.71,72.94,68.3,70.03,98,54.94,76.33,9.1,78.61,0,13.85,18.79,28.77,28.66,28.71,29.96,1013.29,28.39,0,40.17
88.86,71.6,80.61,73.5,69.32,71.11,93.47,54.44,74.22,10.2,80.55,0,15.23,21.41,28.92,28.81,28.87,30.12,1014.01,27.89,0,40.82
91.71,73.45,82.5,74.03,69.73,71.62,91.81,52.7,71.18,12.12,82.53,0,17.58,20.98,28.89,28.78,28.84,30.09,976.47,28.77,0,41.47
92.64,72.64,82.91,73.74,66.34,70.44,88.16,46.45,67.67,13.81,83.33,0,17.64,17.61,28.85,28.74,28.81,30.06,1056.77,25.71,0,40.19
86.97,72.03,78.98,71.93,66.71,69.54,98.22,53.52,74.37,9.51,78.94,0,14.5,20.47,28.84,28.74,28.8,30.04,1123.34,27.69,0,35.01
87.78,70.36,79.24,71.1,67.28,68.96,92.6,53.17,72.13,10.43,79.23,0,14.07,18.92,28.81,28.68,28.76,30.01,1068,27.51,0,38.88
90.54,72.55,80.81,72.92,67.85,70.57,94.44,50.51,72.81,10.99,80.84,0,16.55,20.98,28.74,28.61,28.68,29.93,999.31,26,0.15,39.16
89.44,72.46,79.73,74.34,68.14,71.15,91.27,56.68,75.82,9.01,79.7,0,15.95,23.67,28.7,28.61,28.65,29.89,1077.93,23.78,0,36.75
90.34,73.36,81.54,75.05,70.07,72.42,90.62,57.47,74.89,10.07,81.5,0,16.85,21.56,28.71,28.61,28.67,29.91,1110.14,23.15,0,31.89
90.01,74.64,82.16,76.54,71.1,73.29,88.92,57.89,75.24,9.89,82.17,0,17.33,20.98,28.82,28.71,28.77,30.02,946.2,23.93,0,35.06
87.73,69.37,79.04,74.3,65.31,70.74,93.6,57.3,76.72,8.54,79.27,0,13.55,24.56,28.87,28.78,28.83,30.08,1137.84,19.47,0,28.75
91.29,70.41,81.31,73.05,68.49,70.82,98.84,50.98,72.91,11.55,81.86,0,15.85,24.76,28.82,28.69,28.76,30.01,1145.35,22.42,0,35.73
90.91,71.78,80.21,75.26,64.47,70.66,93.73,48.93,74.04,10.15,80.42,0,16.35,24.47,28.74,28.62,28.69,29.93,1129.06,22.83,0,33.3
93.83,73.22,83.88,76.69,69.05,73.23,91.09,54.7,71.61,12.54,83.92,0,18.52,21.85,28.72,28.62,28.66,29.9,976.89,26.55,0,39.33
95.05,76.42,84.99,77.69,70.73,74.55,89.54,50.19,72.21,12.49,84.87,0,20.74,18.48,28.83,28.72,28.76,30.01,1019.82,26.84,0,39.74
89.44,69.39,80.42,72.98,60.96,66.95,93.59,40.92,66.2,13.22,80.92,0,14.41,20.38,28.87,28.73,28.79,30.04,946.82,0,0,40.6
88.09,64.54,77.85,66.82,60.77,63.62,95.79,40.82,64.21,13.39,78.77,0,11.32,19.89,28.76,28.67,28.72,29.96,974.44,29.69,0,42.22
89.8,66.06,79.53,70.11,58.16,65.58,96.56,40.84,65.52,13.88,80.26,0,12.93,22.5,28.77,28.69,28.73,29.98,972.5,29.52,0,41.39
88.29,71.17,79.69,73.34,67.47,70.32,94.21,53.66,74.43,9.66,79.63,0,14.73,21.12,28.78,28.7,28.74,29.98,1091.55,22.7,0,31.47
91.49,67.86,79.91,70.97,66.32,68.8,97.38,44.89,71.32,11.78,80.17,0,14.67,19.66,28.73,28.61,28.68,29.92,1094.24,25.38,0,36.46
99.52,70.32,86.03,73.68,66.68,70.66,95.05,35.97,63.59,18.61,86.15,0,19.92,17.9,28.71,28.63,28.67,29.92,968.14,27,0,37.28
96.37,77.45,86.66,73.7,68.46,71.23,78.81,44.12,61.47,17.92,86.27,0,21.91,24.27,28.74,28.65,28.7,29.94,960.38,27.11,0,38.8
95.86,77.77,86.05,72.02,66.54,70.16,80.69,43.46,60.65,18,85.64,0,21.82,27.98,28.71,28.58,28.66,29.9,942.05,28.37,0,40.54
96.64,77.22,86.53,71.42,64.33,69.18,80.34,36.13,58.26,19.56,86.14,0,21.93,27.34,28.68,28.6,28.65,29.89,944.2,28.67,0,40.83
96.57,76.71,86.12,72.22,64.88,68.93,81.91,36.57,58.84,19.32,85.78,0,21.64,27.11,28.68,28.59,28.64,29.88,949.75,28.53,0,40.88
98.73,74.66,86.81,70.33,63.47,68.19,85.41,32.65,56.9,21.23,86.5,0,21.69,25.37,28.7,28.63,28.67,29.91,946.24,27.96,0,39.8
87.39,69.62,78.62,71.8,56.88,65.65,96.31,36.86,66.82,12.06,78.47,0,13.5,25.86,28.94,28.7,28.84,30.09,1105.84,19.27,0,24.76
85.15,63.93,74.82,62.58,53.58,57.47,78.71,36.47,56.91,13.97,74.92,0,9.54,22.37,28.99,28.88,28.94,30.19,1031.87,28.57,0,40.55
87.04,57.06,74.44,61.34,52.21,56.65,96.65,33.05,57.69,14.64,75.41,0,7.05,16.95,28.98,28.83,28.9,30.16,976.57,28.83,0,41.33
86.95,64.92,76.73,59.64,51.72,56.51,79.84,31.77,51.94,16.48,76.65,0,10.94,33.46,28.94,28.82,28.88,30.13,967.11,28.34,0,40.6
87.71,64.35,76.54,60.66,52.78,57.4,74.15,31.43,53.18,15.83,76.44,0,11.03,16.59,28.94,28.86,28.9,30.15,1074.09,26.23,0,38.38
91.27,68,79.82,64.26,57.69,60.83,78.18,34.23,54.63,17.58,79.6,0,14.64,20.18,28.95,28.82,28.89,30.14,1054.12,26.81,0,38.17
95.29,71.94,83.84,70.9,60.64,64.83,79.41,35.36,55.03,19.74,83.47,0,18.61,24.27,28.85,28.69,28.77,30.02,1030.16,25.9,0,37.09
97.88,74.68,84.26,74.38,66.14,70.28,91.34,36.96,64.75,15.51,84.05,0,21.28,21.18,28.77,28.67,28.71,29.96,1003.31,24.71,0.02,32.77
96.13,72.12,83.9,74.93,64.97,70.18,97.22,39.17,66.96,15.55,84.01,0,19.13,16.81,28.82,28.73,28.78,30.03,979.4,27.12,0,31.36
97.7,73.17,85.87,73.31,64.77,68.25,83.42,35.59,58.07,19.79,85.65,0,20.43,21.92,28.83,28.72,28.78,30.02,922.78,27.15,0,38.1
96.64,75.22,85.03,71.91,67.63,69.36,80.24,41.83,60.91,17.41,84.64,0,20.93,19.66,28.84,28.72,28.77,30.02,1023.56,21.75,0,29.99
91.53,75.6,83.01,74.13,69.26,71.01,86.66,51.76,68.12,13.07,82.68,0,18.56,21.05,28.83,28.66,28.74,29.98,1091.42,15.65,0.01,24.97
84.24,71.13,77.4,72.75,65.88,69.77,93.02,55.44,77.96,7.35,77.26,0,12.68,24.99,28.78,28.71,28.74,29.98,728.41,10.78,0,15.78
90.64,68,79.47,72.09,66.69,69.68,98,47.65,74.47,10.48,79.77,0,14.32,16.15,28.82,28.71,28.76,30.01,1138.49,20.63,0,29.12
95.7,70.29,83.21,72.3,66.4,69.93,97.67,39.92,67.26,14.87,83.68,0,17.99,16.22,28.79,28.68,28.73,29.98,1073.67,23.26,0,31.41
98.82,77.2,87.61,73.2,63.85,69.53,84.75,33.68,57.92,20.97,87.34,0,23.01,30.4,28.74,28.62,28.69,29.93,1026.38,22.42,0,31.81
101.91,77.34,89.8,71.97,66.74,69.79,81.87,33.35,54.65,24.36,89.52,0,24.63,19.66,28.67,28.57,28.63,29.87,902.96,0,0,36.54
91.87,78.15,82.94,76.05,68.98,72.28,91.41,52.6,70.97,11.5,82.71,0,20.01,18.28,28.72,28.6,28.65,29.9,1076.59,12.26,0,18.11
91.26,74.57,80.11,77.13,71.45,75.09,95.78,59.31,85.61,5.72,79.82,0,17.91,25.5,28.77,28.63,28.68,29.93,1030.1,14.87,0.12,19.21
102.88,76.37,88.14,75.92,65.81,70.97,95.1,31.48,61.59,21.17,87.92,0,24.63,17.32,28.71,28.61,28.66,29.9,1101.8,22.81,0,33.99
102.33,77.59,89.48,71.42,65.96,69.02,78.25,32.74,53.46,24.58,89.14,0,24.96,22.44,28.72,28.62,28.67,29.92,915.86,25.47,0,36.4
103.84,76.64,90.12,70.25,62.84,67.44,77.21,26.87,50.36,27.16,89.82,0,25.24,22.79,28.68,28.56,28.62,29.87,918.14,26.49,0,37.32
87.46,74.41,80,74.14,64.63,69.24,94.85,51.38,70.8,10.65,80.05,0,15.93,20.6,28.8,28.68,28.74,29.98,972.16,12.45,0.11,18.71
93.27,68.29,82,73.8,64.98,68.49,91.26,41.82,65.74,14.34,81.74,0,15.78,22.08,28.87,28.74,28.81,30.06,935.75,24.84,0,35.72
97.25,68.61,84.31,70.59,63.57,67.41,93.11,35.45,59.93,18.67,84.49,0,17.93,19.73,28.83,28.66,28.75,29.99,1003.42,24.37,0,35.88
99.46,76.24,87.67,71.6,63.35,67.97,75.03,34.52,53.84,22.62,87.26,0,22.85,24.7,28.7,28.57,28.65,29.89,932.75,25.77,0,36.96
100.67,74.44,88.09,72.34,59.93,69.42,80.75,37.09,55.96,21.94,87.71,0,22.56,44.87,28.64,28.49,28.58,29.82,891.95,24.7,0.02,35.06
97.56,74.88,84.1,77.57,64.97,71.43,94.87,42.93,67.38,14.55,83.96,0,21.22,30.47,28.68,28.53,28.61,29.85,900.43,19.09,0.07,24.43
101.16,77.99,88.71,73.27,67.59,70.41,76.25,35.49,56.8,22.04,88.3,0,24.57,19.95,28.75,28.66,28.7,29.95,890.49,25.09,0,36.23
100.96,76.86,88.91,71.88,65.29,68.91,78.18,33.29,54.1,23.64,88.7,0,23.91,19.8,28.8,28.69,28.75,30,906.23,24.38,0,35.07
100.51,73.78,88.01,70.36,61.61,67.05,82.57,28.59,53.12,23.86,87.79,0,22.14,19.51,28.79,28.63,28.72,29.96,926.04,25.28,0,35.15
94.42,71.19,80.21,73.51,64.59,68.38,96.7,41.02,69.34,12.3,79.98,0,17.81,28.43,28.74,28.6,28.68,29.93,1030.53,17.84,0.61,26.77
87.6,68.81,76.45,70.66,63.59,68.52,97.55,46.18,78.85,7.81,76.02,0,13.21,27.47,28.78,28.66,28.71,29.95,1076.33,20.74,2.04,28.7
89.47,69.85,77.2,75.22,68.47,70.68,97.42,55.4,81.73,6.81,77,0,14.66,27.25,28.76,28.66,28.71,29.95,1061.91,16.75,0,23.63
87.66,66.15,76.97,73.51,63.97,69.81,97.37,57.36,79.84,7.34,76.95,0,11.9,37.42,28.74,28.52,28.61,29.85,1003.51,19.26,0.67,26.85
97.7,68.52,83.87,77.06,63.79,73.29,95.12,47.08,72.85,13.1,83.72,0,18.11,51,28.71,28.43,28.5,29.74,910.91,24.21,1.28,35.13
78.94,70.25,73.87,71.63,62.7,69.37,96.29,74.69,86.11,4.05,74.11,0,9.6,23.67,28.84,28.6,28.76,30,595.74,7.6,0.05,11.69
87.69,66.13,77.1,71.97,60.57,66.39,88.66,51.92,70.63,10.24,77.67,0,11.91,11.98,28.88,28.74,28.83,30.08,1070.42,22.4,0,34.27
92.08,74.41,82.76,75.24,70.54,72.69,90.71,56.07,72.77,11.42,82.82,0,18.25,20.31,28.81,28.69,28.75,30,913.61,0,0,30.07
80.33,66.31,72.49,71.56,64.81,68.04,97.87,73.21,86.44,4.06,72.65,0,8.32,31.43,28.94,28.72,28.82,30.07,725.49,8.47,1.31,13.32
83.03,67.21,73.39,72.14,66.14,68.91,97.97,66.04,86.56,4.25,73.28,0,10.12,16.66,28.91,28.78,28.84,30.09,968.05,16.38,0,22.14
88.86,68.16,78.08,71.89,66.36,69.07,95.4,50.85,75.61,9.3,78.63,0,13.51,11.84,28.89,28.78,28.83,30.08,924.98,23.56,0,32.64
91.42,70.32,81.21,72.49,66.89,69.47,95,47.7,69.43,12.5,82.07,0,15.87,14.54,28.88,28.76,28.82,30.07,1005.03,23.24,0,31.87
91.81,69.8,81.08,71.95,63.83,68.54,93.7,41.85,67.87,13.23,82.05,0,15.81,17.46,28.8,28.72,28.77,30.01,878.27,24.03,0,34.19
92.12,67.75,80.7,72.43,61.46,67.64,98.17,36.87,67.55,13.7,82.47,0,14.93,15.27,28.9,28.79,28.85,30.1,990.01,23.84,0,32.11
92.01,68.99,81.28,70.53,60.63,65.61,91.32,36.04,62.08,15.85,82.73,0,15.5,16.22,28.9,28.79,28.84,30.09,873.04,23.42,0,33.52
95.02,69.28,82.37,68.04,61.29,65.28,83.54,33.87,58.99,17.72,83.54,0,17.15,16.15,28.85,28.75,28.8,30.05,865.59,23.5,0,33.18
94.05,69.87,82.86,70.64,61.84,66.14,86.44,34.78,59.74,17.57,84.1,0,16.96,19.15,28.8,28.65,28.73,29.98,848.88,23.04,0,32.58
92.71,70.38,82.13,68.98,57.93,63.92,73.33,31.44,55.45,17.93,82.8,0,16.55,22.5,28.73,28.64,28.68,29.93,974.42,21.28,0,31.78
90.66,72.75,81.59,68.83,63.63,65.72,73.99,43.46,59.66,15.78,82.02,0,16.71,27.56,28.76,28.67,28.72,29.96,868.94,22.91,0,33.17
89.55,72.84,81.02,71.55,66.32,68.07,82.98,47.95,65.7,13.14,81.23,0,16.19,23.76,28.83,28.74,28.78,30.03,922.27,22.14,0,30
89.28,71.56,80.66,69.9,64.14,67.15,86.13,44.35,64.86,13.51,80.93,0,15.42,24.11,28.87,28.74,28.8,30.05,904.5,21.21,0,31.92
90.61,69.49,79.9,71.15,65.7,68.03,94.94,47.73,68.62,12.17,80.12,0,15.05,26.96,28.92,28.73,28.8,30.05,972.43,20.72,0.1,31.23
82.51,66.88,73.43,70.85,65.79,68.18,97.27,61.45,84.6,4.9,73.6,0,9.7,16.37,28.99,28.9,28.93,30.19,1069.22,15.93,0.62,21.89
89.92,67.77,78.97,71.26,64.14,67.46,97.86,45.26,70.54,11.75,80,0,13.85,18.12,28.95,28.83,28.89,30.15,860.28,20.95,0,30.35
91.83,72.05,81.35,70.29,62.33,66.19,77.73,39.3,61.41,15.21,82.66,0,16.94,15.05,28.88,28.79,28.84,30.09,849.55,21.38,0,30.8
91.17,72.03,81.31,71.35,64.36,67.2,81.79,44.54,63.45,14.39,82.63,0,16.6,16.95,28.86,28.74,28.8,30.05,894.67,21.44,0,28.5
90.5,68.97,80.85,69.72,63.76,66.38,87.66,43.72,62.77,14.5,82.04,0,14.74,20.76,28.8,28.69,28.74,29.99,861.79,21.16,0,30.49
90.5,68.56,80.06,71.28,65.5,68.46,92.62,48.59,69.29,12.01,80.97,0,14.53,18.19,28.76,28.67,28.71,29.96,838.08,21.48,0,31.36
88.61,69.8,78.86,71.21,64.22,68.04,94.66,46.33,71.16,10.74,79.27,0,14.21,21.47,28.75,28.64,28.7,29.95,986.13,21.07,0,25.4
80.76,69.46,73.31,73.16,65.08,69.86,98.05,72.15,89.27,3.18,73.19,0,10.11,26.82,28.77,28.65,28.71,29.96,857.47,10.93,0.27,13.68
86.34,69.13,76.81,74.35,66.83,70.35,97.03,57.41,81.81,6.55,77.01,0,12.74,23.6,28.81,28.69,28.74,29.98,931.64,12.32,0.71,16.71
85.12,72.84,77.1,73.81,68.92,71.47,95.2,65.12,83.3,5.64,77.42,0,13.98,22.66,28.77,28.67,28.71,29.95,583.81,8.99,0.11,14.78
86.63,70.48,77.11,73.93,69.99,72.39,99.17,65.08,86.33,4.96,77.35,0,13.56,14.61,28.84,28.73,28.77,30.02,786.36,12.24,0.15,21.02
86.32,72.61,77.76,74.16,69.3,71.62,98.75,58.38,82.66,6.33,77.89,0,14.47,21.27,28.73,28.57,28.65,29.89,948.04,14.51,1.14,19.86
92.1,70.88,81.01,73.42,68.5,71.2,95.33,51.39,73.95,10.91,81.2,0,16.49,22.15,28.62,28.53,28.58,29.82,791.64,20.25,0,29.48
86.99,68.18,78.02,70.26,64.67,67.57,90.24,54.5,71.19,10.13,78.11,0,12.59,27.56,28.74,28.55,28.63,29.87,1008.49,18.37,0,26.36
90.9,73.81,81.29,71.16,62.65,67.36,78.76,48.58,63.55,14.13,81.54,0,17.36,33.53,28.55,28.44,28.51,29.75,783.14,20.12,0,29.42
87.6,74.3,79.61,72.99,67.38,70.76,89.61,58.14,75.12,9.1,79.87,0,15.95,21.85,28.69,28.51,28.62,29.87,828.29,15.02,0,21.72
86.85,73.8,79.51,75.65,68.55,71.17,87.48,62.22,76.12,8.54,79.78,0,15.32,26.37,28.77,28.67,28.72,29.96,858.85,12.05,0.01,15.83
87.13,73.76,79.54,71.81,67.18,69.92,83.84,58.46,72.92,9.7,79.8,0,15.45,25.28,28.78,28.69,28.73,29.97,950.91,14.49,0,22.37
86.77,73.56,79.82,71.71,66.43,68.92,88.6,56.19,70.15,10.85,80.14,0,15.17,27.25,28.75,28.65,28.7,29.94,882.84,16.97,0,25.42
88.52,72.91,80.13,71.46,65.43,67.8,85.59,49.3,67.08,12.3,80.53,0,15.72,23.38,28.74,28.65,28.7,29.95,891.4,19.64,0,27.81
77.11,56.91,68.58,66.82,54,62.01,91.1,65.38,80.18,5.2,68.37,0,2.01,19.8,28.97,28.72,28.88,30.13,795.65,15.3,0,21.15
83.64,55.72,68.27,69.84,53.78,61.76,94.16,57.7,80.92,5.55,68.45,0,4.68,14.98,28.96,28.79,28.89,30.14,840.8,16.43,0,22.48
87.76,67.19,74.26,69.53,51.92,64.63,95.75,46.96,74.17,8.64,74.62,0,12.48,24.47,28.79,28.64,28.73,29.97,901.14,12.71,0,19.26
69.24,53.51,61.51,60.99,41.98,53.25,93.48,48.26,75.29,4.65,61.64,3.62,0,33.24,29.01,28.72,28.83,30.08,612.27,8.72,0,14.13
71.35,46.11,57.86,45.98,38.64,42.78,87.47,32.19,60.72,7.76,59.66,6.27,0,17.39,29.08,28.91,28.99,30.25,799.36,20.24,0,29.93
74.97,43.03,60.71,52.4,40.13,45.56,96.12,35.47,60.77,8.78,62.06,6,0,21.7,28.91,28.7,28.82,30.07,779.05,19.56,0,29.09
80.55,60.08,69.91,65.42,47.34,58.92,85.61,58.47,68.52,8.27,70.17,0,5.31,29.24,28.71,28.5,28.59,29.83,964.27,11.43,0.02,17.58
78.69,43.47,63.07,72.52,33.38,54.3,92.17,53.65,73.63,5.02,63.04,3.92,0,37.85,28.87,28.5,28.62,29.86,836.71,12.79,0.14,18.27
54.95,34.01,44.33,33.13,17.87,25.34,84.54,24.15,50.23,5.47,44.97,20.52,0,36.39,29.1,28.87,29.02,30.28,800.45,19.88,0,30.74
65.86,29.75,48.49,31.36,20.46,26.82,89.39,18.84,49.69,7.78,50.05,17.2,0,20.89,29.03,28.76,28.9,30.15,793.56,19.84,0,29.59
77.52,41.93,58.87,49.18,30.2,39.01,73.87,26.33,50.62,10.13,59.79,5.28,0,17.24,28.76,28.67,28.72,29.97,755.62,18.66,0,27.36
79.12,53.65,65.81,64.38,47.63,55.29,93.6,45.74,70.48,7.29,66.08,0,1.39,24.7,28.74,28.61,28.68,29.93,739.7,13.8,0,21.33
82.49,52.61,69.03,68.85,35.43,58.03,98.5,41.26,70.49,7.17,69.09,0,2.55,30.91,28.92,28.61,28.69,29.94,822.38,12.5,0,19.28
65.84,42.23,52.96,43.58,33.32,35.95,94,31.12,55.03,6.95,54.34,10.97,0,17.83,29.01,28.83,28.92,30.18,752.85,18.54,0,27.61
76.8,43.13,59.41,44.47,35.13,39.62,92.34,22.82,52.33,10.27,60.04,5.03,0,21.12,28.84,28.62,28.73,29.97,752.53,18.4,0,26.67
74.98,48.36,61.28,50.27,38.41,44.25,87.72,27.41,57.19,9.35,61.41,3.33,0,25.79,28.63,28.43,28.53,29.77,723.13,17.74,0.04,26.1
73.63,47.44,60.14,53.2,44.76,49.14,95.13,40.89,69.45,6.5,61.75,4.46,0,26.08,28.6,28.41,28.53,29.77,712.89,17.3,0,25.66
82.71,44.02,63.5,65.36,35.48,50.67,98.69,34.43,67.65,8.9,65.02,1.64,0,34.92,28.59,28.25,28.46,29.69,713.59,16.73,0.1,25.59
69.82,39.57,55.52,36.43,20.65,29.81,81.96,16.23,41.17,10.06,58.07,10.3,0,32.08,28.85,28.39,28.65,29.89,739.37,17.89,0,26.48
70.97,36.82,54.28,35.44,23.81,28.48,67.02,17.89,40.64,10.05,56.66,11.11,0,23.24,28.98,28.79,28.88,30.13,730.1,17.65,0,25.69
78.06,48.52,63.05,55.71,32.19,45.28,88.45,38.29,53.32,10.09,63.41,1.71,0,32.88,28.79,28.64,28.72,29.96,705.26,14.94,0.05,24.14
58.33,41.88,47.15,54.9,40.24,45.57,97.4,87.76,94.22,0.65,47.34,14.89,0,38.14,28.96,28.77,28.88,30.13,210.17,1.4,1.79,1.75
45.6,41.07,42.93,44.59,40,41.82,97.63,94.51,95.8,0.4,43.08,21.66,0,27.85,28.97,28.8,28.91,30.16,162.95,1.51,1.89,1.95
64.38,43.6,52.1,44.44,36.37,41.12,96.87,39.48,68.91,4.86,52.58,11.01,0,19.28,28.8,28.54,28.62,29.86,692.34,16.24,0.19,23.77
73.71,42.74,55.17,45.11,36.61,41.27,84.21,27.63,62.93,6.79,55.57,6.77,0,23.6,28.81,28.55,28.65,29.89,713.47,16.96,0,24.68
45.58,34.75,40.94,41.12,30.21,35.47,92.1,71.09,80.89,1.69,41.15,24.83,0,21.05,28.9,28.75,28.82,30.07,239.77,3.58,0.01,5.83
37.53,31.65,35.68,36.79,27.66,33.06,97.14,80.06,90.24,0.67,35.69,30.41,0,20.54,28.93,28.81,28.87,30.13,122.99,2.32,0.45,3.81
37.02,28.24,34.49,35.72,22.19,31.06,96.55,70.76,87.45,0.82,34.6,32.37,0,33.62,29.1,28.82,28.93,30.18,160.96,2.41,0.24,3.77
47.28,22.54,34.2,23.04,11.06,18.12,82.93,24.12,55.61,3.53,34.98,30.09,0,21.56,29.17,29.03,29.1,30.36,710.1,16.76,0,25.52
61.34,31.59,44.42,31.66,16.44,22.94,71.67,20.16,46.05,6.38,45.89,18.54,0,28.43,29.11,28.88,28.99,30.24,704.49,16.56,0,24.82
56.84,31.47,42.91,32.82,20.47,28.84,91.24,24.61,62.56,4.43,45.27,20.85,0,17.03,29.22,29,29.12,30.38,694.78,16.2,0,23.89
68,36.31,51.38,38.02,25.53,32.9,74.43,29.03,51.54,7.45,52.14,12.84,0,26.02,29,28.69,28.83,30.08,667.49,15.22,0,22.94
68.13,42.16,53.12,48.03,37.84,43.58,90.9,47.32,71.14,4.49,54.35,9.86,0,17.24,28.88,28.68,28.74,29.99,656.25,0,0,22.18
68.04,41.6,55.07,51.02,36.55,43.24,83.19,44.86,65.97,5.89,55.45,10.18,0,18.34,29.01,28.89,28.95,30.21,660.38,14.39,0,21.67
65.53,56.93,61.23,63.83,50.81,58.89,97.09,71.09,92.16,1.46,61.3,3.77,0,25.95,28.96,28.8,28.88,30.13,294.36,3.24,0.2,4.33
58.6,31.47,37.36,56.79,22.41,32.17,96.62,64.35,81.88,1.3,37.89,19.96,0,33.76,29.22,28.86,29.12,30.39,204.03,3.08,0.26,4.65
51.85,29.87,40.17,34.76,20.02,25.2,82.53,32.51,57.01,4.06,40.78,24.14,0,11.11,29.22,29.01,29.12,30.38,659.91,11.68,0,18.25
70.36,35.74,51.94,49.08,32.57,41.98,90.58,42.65,71.16,5.06,52.57,11.95,0,19.73,29.02,28.8,28.89,30.14,647.01,14.72,0,21.34
74.05,46.42,59.76,56,45.71,51.47,97.96,51.79,76.14,5.3,60.07,4.77,0,20.67,28.81,28.59,28.7,29.94,674.6,13.35,0.01,19.43
58.78,19.82,35,49.71,6.19,26.88,93.29,52.58,72.72,2.08,35.22,25.7,0,48.07,29.39,28.61,29.04,30.3,102.17,1.99,0.01,2.84
36.28,13.75,24.48,12.29,2.45,7.52,78.29,24.46,50.77,2.5,24.92,39.98,0,26.37,29.4,29.02,29.27,30.54,660.97,15.1,0,22.97
51.49,23.34,35.87,20.78,11.45,15.03,70.37,22.08,44.72,4.59,36.25,27.58,0,27.34,29.02,28.73,28.86,30.11,633.76,14.4,0,21.98
55.24,24.88,39.21,32.03,18.56,27.49,90.37,39.08,64.87,3.56,41.52,24.94,0,24.85,29.16,28.87,29.05,30.31,622.05,14,0,20.89
58.42,25.48,42.54,34.32,22.85,28.67,96.33,31.98,62.64,4.65,44.8,23.05,0,13.08,29.16,28.99,29.08,30.34,633.21,14.32,0,20.76
62.94,36.72,49.29,33.42,28.27,31.04,71.98,30.43,51.24,6.63,49.75,15.17,0,22.66,28.99,28.76,28.87,30.12,633.5,13.03,0,20.09
63.54,34.42,48.93,38.4,28.77,33.46,83.28,35.6,57.01,5.82,50.39,16.02,0,25.37,28.82,28.75,28.78,30.03,598.4,13.09,0,18.9
72.88,34.73,52.92,40.76,29.7,35.71,87.49,27.98,56.29,7.88,55.86,11.2,0,26.6,28.77,28.56,28.65,29.9,595.77,13.24,0,19.09
76.6,37.88,58.56,45.79,33.01,38.38,90.22,24.92,52.68,10.52,61.25,7.76,0,22.21,28.74,28.61,28.66,29.91,608.47,13.56,0,19.12
71.98,57.24,62.95,61.72,42.92,55.47,92.92,52.8,77.24,4.53,63.2,0.39,0,30.91,28.64,28.55,28.61,29.85,659.28,6.9,0.06,10.33
64.9,41.1,51.64,62.46,39.12,48.65,96.3,74.72,89.62,1.39,51.77,12,0,25.66,28.85,28.62,28.74,29.99,358.39,2.49,0.21,3.95
40.8,31.02,37.86,39.42,29.03,35.45,96.78,83.35,90.98,0.69,38.05,29.09,0,31.43,28.92,28.79,28.86,30.11,171.72,2.46,0.71,4.09
54.43,30.58,41.37,38,29.11,34.15,94.73,51.48,76.98,2.47,42.79,22.49,0,19.51,28.84,28.76,28.8,30.05,708.57,12.66,0,19.18
69.06,30.26,49.1,37.5,28.15,32.22,97.42,24.86,59.16,7.09,51.59,15.34,0,21.27,28.79,28.46,28.65,29.89,610.53,13.59,0.01,19.27
65.14,32.45,48.81,40.74,29.69,36.65,93.64,35.14,65.77,4.97,51.77,16.21,0,13.88,28.46,28.34,28.38,29.62,602.31,12.16,0,18.33
69.62,38.36,52.6,45.24,11.22,34.16,92.41,14.47,54.2,7.53,53.93,11.01,0,45.52,28.74,28.21,28.33,29.56,506.99,8.21,0,11.54
47.07,27.76,39.45,28.19,20.42,23.84,82.62,36.07,54.89,3.99,39.77,27.59,0,30.85,29.12,28.74,28.99,30.25,659.54,10.73,0,17.41
40.85,36.56,39.04,40.26,28.34,37.1,98.52,60.86,92.94,0.56,39.05,26.29,0,18.79,29.11,28.96,29.03,30.28,103.72,1.46,0.35,2.1
56.46,40.63,44.93,56.36,40.3,44.65,99.65,97.36,98.96,0.11,44.93,16.46,0,22.57,28.97,28.48,28.76,30.01,135.09,1.33,0.24,1.82
63.52,40.44,52.66,56.46,18.64,34.64,99.67,18.29,58.06,6.25,53.41,13.02,0,42.23,28.67,28.39,28.5,29.74,585.28,12.41,0.03,18.18
50.7,34.74,41.4,25.67,19.27,22.52,57.77,35.34,47.13,4.85,41.88,22.28,0,34.85,28.99,28.67,28.84,30.09,581.16,12.62,0,18.87
51.37,27.66,39.93,26.75,20.16,23.96,83.56,33.72,54.53,4.21,41.14,25.48,0,18.57,29.08,28.79,28.95,30.21,571.92,9.36,0,14.18
61.66,36.36,46.1,35.21,26.45,30.38,82.25,29.31,56.23,5.32,47.66,15.99,0,17.24,28.8,28.66,28.72,29.97,621.71,11.62,0,16.81
64.02,30.63,49.41,36.75,26.94,33.14,89.82,30.5,57.21,6.44,51.06,17.67,0,11.62,28.86,28.72,28.79,30.04,685.78,8.81,0,14.03
71.04,49.17,57.6,45.26,34.76,39.18,74.82,35.85,51.18,8.47,58.79,4.89,0,19.89,28.72,28.52,28.62,29.87,549.93,11.51,0,16.2
54.68,34.86,44.73,41.45,27.26,34.3,78.35,54.95,66.95,3.47,45.29,20.23,0,33.62,29.1,28.7,28.99,30.25,566.74,11.23,0,17.19
60.22,27.89,43.8,38.17,17.75,28.38,93.02,22.02,60.6,5.11,45.47,20.94,0,19.51,29.09,28.77,28.97,30.22,576.11,11.06,0,16.23
66.51,45.57,55.38,48.16,37.81,44.3,83.74,44.9,67.55,5.39,55.96,8.96,0,25.95,28.77,28.37,28.54,29.78,428.96,6.31,0,9.8
59.02,33.15,45.42,45.22,15.22,30.63,73.63,45.56,56.21,4.61,46.15,18.92,0,34.63,28.94,28.35,28.62,29.87,375.27,3.86,0,6.54
46.85,28.16,35.98,17.93,9.03,14.18,62.26,22.59,42.21,4.43,36.98,27.49,0,16.3,29.16,28.94,29.06,30.32,569.5,10.61,0,14.29
54,27.3,39.78,34.14,15.37,26.66,80.71,42.56,60.3,3.75,40.26,24.35,0,21.63,29.22,29.03,29.13,30.39,565.08,11.79,0,17.47
55.96,37.84,45.7,34.98,30.62,33.04,77.46,43.37,62.26,4.3,46.06,18.1,0,25.79,29.03,28.75,28.88,30.13,553.71,11.81,0,17.12
60.49,31.74,44.71,41.12,30.44,35.9,96.67,42.45,73.58,3.4,47.59,18.88,0,10.82,28.75,28.56,28.64,29.88,569.91,10.77,0,14.62
49.62,33.78,41.2,35.45,30.81,32.32,91.04,49.54,71.28,2.69,42.16,23.3,0,14.83,28.7,28.58,28.63,29.87,509.17,5.3,0,6.66
38.44,32.26,34.38,37.91,30.23,33.1,98.38,89.6,95.03,0.33,34.38,29.65,0,23.31,28.73,28.52,28.61,29.85,103.96,1.78,0.02,2.74
32.98,26.48,30.15,32.17,23.37,27.13,97.78,79.97,88.5,0.65,30.19,35.27,0,28.95,29.03,28.67,28.85,30.1,174.85,2.18,0,3.06
48.06,19.45,31.81,28.64,16.78,21.79,94.01,34.55,70.03,2.4,33.62,31.25,0,17.68,29.17,29.04,29.11,30.37,556.89,11.98,0,17.16
56.68,22.78,38.23,21.37,10.14,15.86,78.27,15.97,44.96,5.4,41.08,25.27,0,12.06,29.14,29.03,29.07,30.33,566.22,12.16,0,16.93
57.2,29.59,42.7,22.37,11.85,17.01,62.58,16.95,38.17,6.54,43.64,21.6,0,24.47,29.05,28.93,29,30.25,624.92,11.59,0,16.57
51.08,39.41,43.32,39.17,21.14,30.15,88.17,43.73,61.03,3.8,43.43,19.76,0,18.92,29.06,28.96,29.01,30.26,561.47,5.8,0,5.8
43.88,40.29,42.37,41.61,37.8,39.77,98.33,83.88,90.59,0.89,42.47,22.91,0,9.28,29.12,29.03,29.07,30.33,129.94,1.73,0,3.37
50.95,30.06,39.09,39.26,29.46,36.46,99.62,60.1,91.11,0.9,40.52,24.49,0,12.57,29.06,28.89,28.99,30.24,556.93,7.64,0,10.43
62.29,23.93,44.73,40.86,23.58,33.05,100,34.98,68.97,4.66,47.1,21.89,0,17.83,28.9,28.77,28.83,30.08,628.22,10.04,0.01,15.49
68.95,39.45,53.89,38.14,30.02,34.32,79.8,23.55,50.9,8.17,54.52,10.8,0,21.63,28.78,28.61,28.69,29.94,609.54,11.26,0,15.46
70.95,48.34,57.9,48.84,36.53,40.11,79.98,31.1,53.59,8.4,58.28,5.35,0,26.24,28.67,28.56,28.61,29.85,538.06,11.32,0,15.81
66.99,39.82,51.18,51.77,32.24,41.71,99.59,27.83,74.55,4.01,51.94,11.6,0,16.08,28.92,28.66,28.78,30.03,574.54,8.32,0,12.04
54.63,37.31,45.18,51.46,33.2,40.27,93.72,75.63,83.05,1.83,45.19,19.03,0,17.03,28.92,28.64,28.82,30.07,269.83,3.64,0.02,5.35
60.04,46.78,56.27,58.76,43.62,54.06,96.88,86.32,92.31,1.19,56.85,11.59,0,32.95,28.64,28.33,28.46,29.7,72.87,0.92,0.53,1.24
46.81,32.61,39.73,43.46,25.12,30.74,92.11,44.72,71.67,2.49,40.62,25.29,0,27.18,28.73,28.46,28.59,29.83,677.4,9.94,0,14.3
49.01,29.77,37.01,26.62,17.55,22.58,82.6,30.75,58.84,3.54,38.5,25.61,0,28.5,28.95,28.72,28.84,30.09,569.95,12.29,0,17.95
52.39,25.57,38.17,24.8,12.41,19.65,79.18,20.12,51.87,4.59,39.74,26.02,0,17.1,29.01,28.78,28.9,30.16,575.06,12.48,0,17.87
29.19,22.72,24.72,22.99,16.79,18.64,81.65,73.26,77.33,1.03,24.39,39.04,0,26.15,29.16,28.95,29.07,30.33,181.43,3.2,0,4.1
30.15,24.38,27.19,28.85,17.68,20.78,94.82,66.68,76.72,1.17,27,37.74,0,12.64,29.08,28.85,28.97,30.23,111.85,1.59,0,1.73
32.53,30.08,31.45,31.84,28.53,30.78,99.43,92.19,97.36,0.16,31.43,33.69,0,11.11,28.89,28.63,28.76,30.01,152.73,1.66,0.73,1.09
43.78,28.11,35.49,33.46,26.65,30.57,99.2,55.37,83.2,1.36,0,29.05,0,9.35,28.77,28.63,28.71,29.96,0,0,0.48,18.98
64.85,27.71,46.17,41.87,27.1,34.57,98.68,33.76,68.56,4.94,0,18.72,0,15.42,28.86,28.76,28.8,30.05,579.86,12.62,0.16,32.18
65.82,42.55,54.83,55.14,36.42,44.33,88.92,53.31,68.35,4.89,55.47,10.81,0,29.37,28.77,28.57,28.66,29.91,572.48,7.52,0,14.41
66.97,40.08,58.81,55.76,34.44,42.91,87.69,34.71,57.82,7.49,59.95,11.47,0,28.66,28.74,28.56,28.66,29.91,586.71,12.74,0,31.94
55.85,35.27,45.7,37.41,23.57,29.42,93.41,32.15,55.66,5.13,48.07,19.44,0,24.11,29.26,28.74,29.05,30.31,559.45,10.46,0,24.88
53.46,28.78,40.21,28.22,14.71,22,81.69,21.7,51.76,4.71,43.09,23.88,0,10.16,29.34,29.12,29.24,30.5,589.95,0,0,32.57
49.86,34.8,42.97,28.34,19.93,24.44,58.73,33.59,47.98,5.02,43.56,22.67,0,25.57,29.12,28.85,28.98,30.24,699.58,4.15,0,0
44.71,40.33,42.84,43.45,28.21,37.27,97.96,53.18,82.75,1.69,42.94,22.48,0,24.11,28.85,28.57,28.71,29.96,63.05,0.83,0.6,0
45.99,32.58,38.13,45.93,27.85,35.04,99.74,78.34,88.7,0.82,38.26,25.71,0,31.43,29.06,28.54,28.79,30.04,157.46,1.86,0.03,0
33.97,29.99,32.13,29.09,26.31,27.79,87.15,79.13,83.81,1,32.11,33.02,0,22.5,29.21,29.05,29.15,30.41,116.37,1.9,0,0
46.65,32.58,37.06,32.83,28.35,30.31,88.31,56.41,77.13,1.88,37.44,25.38,0,11.84,29.2,29.05,29.13,30.39,618.43,10.76,0,0
50.94,30.89,40.7,40.89,29.45,35.62,94.54,67.97,82.65,1.76,40.8,24.09,0,15.86,29.05,28.9,28.97,30.23,624.95,10.27,0.01,20.67
48.79,39.63,44.16,48.25,37.59,42.86,99.79,84.36,95.17,0.46,44.62,20.79,0,19.28,28.93,28.69,28.81,30.06,116.37,2.27,0,2.57
50.13,35.88,42.77,48.28,34.32,39.1,99.97,62.41,87.68,1.28,43.95,22,0,22.95,28.94,28.69,28.84,30.09,670.75,8.81,0,20.48
64.02,34.98,47.62,50.45,33.11,42.59,98.73,55.81,84.16,2.42,48.02,15.5,0,45.88,28.84,28.32,28.54,29.78,627.98,8.01,0.01,16.02
37.58,21.96,27.53,32.87,16.02,19.64,83.57,59.63,72.07,1.43,27.36,35.23,0,45.1,29.11,28.57,28.92,30.17,504.68,6.89,0,12.18
44.19,17.6,30.26,23.24,14.04,19.2,89.95,38.6,65.86,2.43,30.94,34.1,0,17.1,29.13,28.87,29,30.26,576.52,11.85,0,28.39
56.26,33.85,43.5,42.11,23.08,30.54,81.4,39.88,61.34,4.09,43.64,19.94,0,36.24,28.88,28.5,28.67,29.91,660.18,12.06,0,28.56
55.06,25.58,42.42,50.49,15.4,36.89,93.5,64.32,80.73,1.81,42.51,24.68,0,37.2,28.86,28.48,28.62,29.86,173.68,1.7,0.01,1.53
42.71,20.71,30.57,21.44,15.08,17.54,82.46,37.14,59.67,2.63,31.06,33.29,0,30.18,28.93,28.76,28.84,30.09,641.93,14.26,0,36.78
47.89,25.57,34.92,28.6,18.37,23.92,81.43,40.77,64.93,2.68,35.97,28.27,0,26.24,29.14,28.76,28.92,30.17,688.07,8.93,0,17.87
40.48,17.85,27.79,18.85,10.12,14.66,76.81,33.26,58.98,2.35,29,35.83,0,11.98,29.15,28.96,29.05,30.31,642.93,9.39,0,19.82
55.47,22.48,39.3,29.95,18.13,23.93,91.37,25.47,58.54,4.38,40.82,26.03,0,16.88,29,28.84,28.92,30.18,668.33,12.87,0,21.84
59.56,29.36,44.48,31.57,23.22,27.37,83.16,27.71,53.9,5.52,45.47,20.54,0,18.41,28.92,28.54,28.79,30.04,641.78,14.55,0,35.55
47.1,24.68,40.46,34.04,15.14,24.36,69.98,38.1,52.88,4.17,41.37,29.11,0,42.01,29.05,28.48,28.77,30.02,711.27,7.93,0,15.84
43.53,19.03,32.05,21.02,8.1,15.36,84.94,25.41,54.15,3.36,33.26,33.72,0,16.88,29.07,28.92,28.99,30.25,667.28,11.19,0,24.31
42.62,19,30.55,19.79,11.54,16.16,80.64,35.74,56.26,2.79,31.14,34.19,0,20.89,29.04,28.86,28.94,30.2,656.8,14.93,0,37.08
52.56,23.64,40.04,44.61,17.49,33.32,87.45,65.39,76.91,2.09,40.72,26.9,0,20.89,28.86,28.73,28.8,30.05,319.86,4.61,0,5.71
61.12,45.2,50.68,52.24,44.17,48.34,99.46,64.2,92.21,1.17,50.79,11.84,0,15.78,28.9,28.81,28.85,30.11,589.47,4.63,0,6.41
62.11,52.36,56.4,54.94,51.05,53.49,95.72,74.7,90.18,1.61,56.37,7.76,0,24.18,28.87,28.65,28.77,30.02,356.12,4.47,0,7.29
71.06,57.13,62.38,56.74,51.82,54.69,92.78,50.68,77.37,4.86,62.32,0.91,0,31.63,28.65,28.39,28.5,29.75,698.17,11.24,0,19.99
61.36,39.93,50.1,56.61,37.35,44.1,93.12,62.55,80.23,2.61,50.24,14.36,0,23.09,28.68,28.42,28.58,29.82,586.08,10.6,0,22.38
44.93,35.26,39.88,44.89,35.1,39.42,99.96,89.54,98.27,0.14,39.7,24.91,0,16.08,28.68,28.57,28.62,29.86,215.52,2.94,0.03,3.98
40.82,34.31,37.19,40.82,34.31,37.18,100,99.5,99.97,0,37,27.44,0,25.86,28.62,28.48,28.56,29.8,222.39,3.27,0.05,4.37
34.68,18.67,24.02,34.63,8.65,17.23,99.82,54.33,75.8,1.05,23.98,38.32,0,37.2,29.27,28.52,28.96,30.22,818.15,12.1,0,24.86
35.03,13.78,23.73,13.13,3.98,8.48,78.51,31.12,53.78,2.27,24.21,40.59,0,16.73,29.46,29.26,29.37,30.64,761.41,15.5,0.02,35.38
40.18,21.28,30.51,27.4,11.59,16.53,79.43,30.79,57.49,2.67,30.39,34.27,0,17.83,29.36,29.01,29.22,30.49,409.11,6.06,0.01,8.6
41.17,31.77,36.89,40.02,27.46,35.83,100,79.65,95.93,0.3,36.83,28.53,0,22.28,29.01,28.74,28.87,30.13,178.71,2.94,0.02,4.35
52.77,40,45.88,51.14,40,44.83,100,82.81,96.27,0.47,46.02,18.61,0,30.62,28.74,28.38,28.54,29.78,212.75,3.28,0.09,3.86
53.65,30.9,41.68,40.18,18.96,26.61,90.93,25.76,59.36,4.23,42.71,22.72,0,36.75,29.01,28.61,28.92,30.17,726.89,17.22,0,38.38
61.79,33.66,48.94,32.96,22.32,27.81,67.52,28.36,45.43,7.27,49.46,17.28,0,35.72,28.98,28.47,28.74,29.99,680.64,11.62,0,22.6
69.49,47.62,57.93,36.58,25.09,30.66,59.78,19.85,36.74,11.01,58.57,6.44,0,27.04,28.6,28.36,28.46,29.7,769.91,11.92,0,21.11
47.21,23.44,32.3,34.23,20.31,24.9,90.19,59.67,74.4,1.72,31.93,29.68,0,25.79,28.77,28.52,28.63,29.87,267.75,4.39,0,5.99
33.58,22.13,27.28,32.14,20.35,26.04,98.5,88.07,95.01,0.25,27.03,37.15,0,19.15,28.76,28.38,28.58,29.83,182.39,3.21,0,4.04
47.79,24.96,35.61,32.19,19.82,24.73,95.3,37.2,67.13,2.73,35.85,28.63,0,24.7,28.94,28.53,28.73,29.98,755.51,18.08,0,39.58
37.39,19.96,29.43,19.86,12.92,15.47,74.98,39.57,57.1,2.58,29.26,36.32,0,22.95,29.16,28.95,29.08,30.35,683.57,12.9,0,25.65
32.87,30.39,31.18,30.89,18.62,26.05,98.26,60.18,82.33,1.04,31.15,33.37,0,20.54,29.09,28.66,28.87,30.12,122.44,1.89,0.09,2.45
52.61,29.99,39.54,33.79,18.2,28.31,99.11,27.43,68.97,3.26,39.48,23.7,0,23.82,28.76,28.62,28.66,29.9,780.15,18.44,0.07,38.32
55.2,34.09,43.51,35.53,29.95,32.78,88.3,38.72,67.97,3.61,43.55,20.35,0,28.5,28.81,28.7,28.76,30.01,706.36,12.52,0,23.61
46.69,38.82,43.3,45.28,33.54,41.49,99.56,78.37,93.41,0.62,43.21,22.25,0,17.1,28.84,28.62,28.73,29.98,420.73,4.06,0.18,4.89
63.3,36.71,48.65,48.97,26.73,37.4,100,29.11,69.96,4.18,48.37,15,0,47.65,28.91,28.36,28.54,29.78,779.18,17.49,0.04,36.59
56.12,27.28,42.05,26.49,14.54,19.42,73.82,20.19,44.33,5.93,42.78,23.3,0,21.56,29.13,28.91,29.05,30.31,796.86,19.48,0,39.58
62.78,30.82,48.26,30.2,19.5,24.95,65.84,27.13,41.55,7.63,48.9,18.2,0,32.01,29.07,28.84,28.95,30.21,825.98,18.66,0,37.31
49.64,30,37.87,45.54,25.85,31.54,93.59,51.38,78.69,1.88,37.64,25.18,0,18.92,28.95,28.85,28.89,30.14,213.55,4.12,0,6.11
33.18,21.31,25.87,32.11,19.75,24.75,99.19,90.86,95.45,0.2,25.63,37.75,0,16.08,28.99,28.86,28.93,30.19,121.29,2.1,0,3.15
25.04,20.22,22.5,23.71,18.57,20.37,94.6,87.25,91.36,0.36,22.27,42.37,0,0,28.96,28.83,28.9,30.16,181.88,3.49,0,3.05
36.79,24.79,29.85,30.62,22.96,26.66,94.85,74.5,88.02,0.73,30.04,34.21,0,0,28.92,28.76,28.84,30.09,552.49,6.9,0.03,8.23
35.82,26.48,32.54,30.7,25.05,28.28,95.27,74.43,84.37,1.02,32.72,33.85,0,19.51,28.97,28.86,28.91,30.17,138.57,3.11,0,4.04
32.1,13.84,23.14,28.89,3.6,16.13,95.2,59.01,74.6,1.04,22.8,42.03,0,29.3,29.18,28.85,29.03,30.29,522.49,8.55,0,12.51
26.55,10.13,16.72,7.91,-3.22,1.28,75.34,31.29,51.82,1.67,16.39,46.66,0,21.77,29.25,29.14,29.19,30.45,650.25,12.68,0,21.25
42.54,12.94,27.21,11.94,3.68,8.11,81.25,22.23,48.89,3.24,28.06,37.26,0,22.15,29.28,29.15,29.21,30.47,839.82,21.12,0,41.24
53.62,20.4,37.33,20.69,9.07,13.51,64.95,19.75,40.59,5.45,37.67,27.99,0,31.34,29.22,28.82,29.04,30.3,826.54,20.91,0,41.87
61.29,39.9,49.85,43.26,20.79,33.29,89.28,36.4,54.36,6.11,50.51,14.41,0,26.82,28.82,28.56,28.67,29.91,771.39,12.53,0,20.38
54.14,41.76,48.5,49.58,38.88,45.92,99.66,76.45,91.1,1.12,48.93,17.05,0,13.81,28.68,28.42,28.58,29.82,457.48,7,0,9.82
72.82,46.12,59.12,53.37,28.15,38.47,95.77,19.63,52.67,9.35,59.23,5.53,0,43.2,28.77,28.28,28.47,29.71,841.94,21.55,0.2,40.77
46.06,37.3,40.14,38.8,25.31,30.93,97.82,48.74,71.02,2.53,40.11,23.32,0,24.76,29,28.77,28.92,30.18,354.53,4.84,0.54,6.24
60.42,38.38,48.9,50.34,37.74,44.1,98.44,65.2,84.5,2.29,48.88,15.6,0,15.56,29.09,28.93,29.01,30.27,581.74,9.94,0.19,15.1
60.69,51.19,55.26,60.23,49.8,54.65,99.54,91.26,97.78,0.32,55.32,9.06,0,25.37,28.96,28.42,28.75,29.99,157.85,2.75,0.05,2.73
70.12,50.04,62.16,60.81,32.91,46.84,97.89,32.31,62.54,7.88,62.47,4.92,0,52.84,28.41,28.08,28.2,29.43,860.25,19.74,1.05,35.37
54.43,42.27,47.57,33.07,22.23,29.56,64.28,39.26,49.91,5.76,47.58,16.65,0,36.91,29.04,28.31,28.7,29.95,972.61,18.14,0,34.77
54.19,33.49,43.66,25.85,17.48,21.69,71.8,24.53,43.41,5.95,44.15,21.16,0,31.21,29.21,29.03,29.13,30.4,885.43,23.12,0,42.62
61.27,27.14,45.79,29.84,19.32,24.13,92.14,21.66,48.32,6.94,48.09,20.8,0,12.2,29.22,29.06,29.14,30.4,883.65,23.16,0,39.77
67.51,32.2,52.02,34.18,24.52,28.62,86.66,22.11,44.71,8.91,54.04,15.14,0,20.54,29.1,28.97,29.04,30.3,880.62,22.97,0,39.53
69.15,36.21,54.77,34.26,26.8,29.58,77.93,21.76,41.52,10.02,56.92,12.32,0,14.18,29.09,28.95,29.01,30.27,867.09,22.55,0,37.97
70.56,43.93,57.65,42.59,28.76,33.77,67.49,23.42,43.27,10.37,58.07,7.76,0,29.01,28.99,28.85,28.93,30.18,999.37,21.58,0,37.44
62.65,42.97,51.75,44.02,26.57,36.44,93.91,27.61,59.85,5.96,52.52,12.19,0,26.82,29.06,28.91,28.97,30.23,900.21,21.13,0.02,36.67
67.51,37.47,53.03,39.1,28.11,33.99,76.37,28.79,50.49,7.83,54.84,12.51,0,17.9,29,28.89,28.93,30.19,899.67,22.6,0,38.81
72.73,37.88,57.47,39.16,31.81,35.49,87.54,26.05,47.77,10.36,59.18,9.69,0,22.28,28.95,28.74,28.86,30.11,982.43,19.85,0,32.95
74.03,50.47,60.94,58.53,38.03,51.72,94.9,40.94,73.58,5.43,61.02,2.75,0,27.04,28.81,28.62,28.72,29.97,993.9,15.21,0.32,24.41
67.17,49.48,60.38,59.31,44.42,52.53,92.04,51.31,76.51,4.39,60.91,6.67,0,16.52,28.86,28.69,28.76,30.01,905.79,14.12,0,21.98
60.48,42.95,51.6,46.78,39.56,44.03,91.81,56.42,76.12,3.36,52.07,13.29,0,20.83,29.08,28.85,28.98,30.24,876.96,12.51,0,20.32
68.61,38.27,54.24,45.94,37.13,40.58,99.22,32.77,64.75,6.58,55.55,11.56,0,13.81,29.14,28.99,29.06,30.32,884.58,23.34,0,37.96
73.92,49.62,61.12,47.6,40.45,44.45,78.3,35.21,56.09,9.08,61.21,3.23,0,30.24,29,28.79,28.91,30.16,1078.37,19.56,0,31.6
74.8,56.86,65.26,58.53,47.05,53.6,76.84,56.9,66.23,7.49,65.21,0,0.83,32.73,28.83,28.65,28.74,29.99,897.22,16.33,0,24.8
70.07,48.92,63.06,58.99,46.53,56.01,95.01,67.91,78.12,4.54,63.15,5.51,0,27.18,28.69,28.52,28.61,29.86,368.81,6.57,0.02,8.32
48.74,36.69,42.77,46.34,25.09,33.89,96.61,54.09,71.9,2.67,42.93,22.28,0,40.91,29.13,28.57,28.92,30.17,820.04,8.31,0.55,11.12
51.28,30.35,40.94,26.16,18.32,22.74,77.06,27.83,50.8,4.8,41.14,24.19,0,20.67,29.21,29.04,29.12,30.38,940.32,25.2,0,42.27
57.76,36.19,46.71,31.23,21.94,26.13,77.95,27.96,46.66,6.37,47.41,18.03,0,15.56,29.05,28.85,28.96,30.22,931.68,21.18,0,33.99
70.88,38.84,56.13,39.63,28.69,35.64,79.7,27.76,48.76,9.39,56.19,10.14,0,22.73,28.89,28.76,28.84,30.09,926.17,24.74,0,39.29
67.14,50.07,59.01,51.14,38.08,43.17,77.77,43.65,56.18,7.73,59.05,6.4,0,31.79,28.85,28.65,28.77,30.02,1025.53,15.44,0.05,23.06
72.91,52.32,60.84,57.62,49.47,52.95,97.55,45.39,77.74,4.97,61.37,2.38,0,35.3,28.81,28.62,28.74,29.99,1071.15,18.52,0.29,30.22
75.72,45.68,62.96,56.83,45.07,52.23,98.85,42.89,71.01,7.09,63.65,4.3,0,18.92,28.83,28.67,28.76,30,972.81,21.99,0,33.97
73.15,59.34,64.35,61.39,53.79,57.44,96.24,55.85,79.21,4.66,64.44,0,1.25,23.6,28.73,28.54,28.64,29.88,1064.22,13.81,0.32,18.31
72.66,55.98,63.17,61.01,53.18,58.04,99.43,63.91,84.47,3.58,64.09,0.68,0,14.61,28.75,28.6,28.67,29.91,771.76,12.59,0,17.16
80.17,53.42,66.48,55.81,42.55,49.7,91.06,26.66,59.54,10.97,68.59,0,1.79,25.57,28.78,28.68,28.73,29.97,942.04,24.77,0,35.88
86.41,50.7,70.36,52.72,42.84,48.42,94.03,22.28,51.46,15.75,72.32,0,3.56,22.66,28.71,28.45,28.6,29.84,965.93,24.84,0,36.02
87.03,67.35,76.14,56.22,50.03,52.97,58.09,29.8,45.45,17.69,76.48,0,12.19,35.59,28.44,28.07,28.24,29.47,1066.39,20.56,0,29.33
75.63,38.97,51.25,55.37,24,30.72,71.67,22.34,47.45,7.38,51.3,7.7,0,31.56,28.62,28.16,28.44,29.68,958.26,26.74,0,42.82
59.63,34.86,48.73,33.26,24.05,28.73,69.62,32.18,47.4,6.81,49.15,17.76,0,17.39,28.78,28.61,28.7,29.95,995.69,21.27,0,32.39
51.75,38.38,44.97,41.02,28.59,36.27,93.46,40.63,74.51,2.94,45.35,19.93,0,43.04,28.77,28.51,28.63,29.87,121.37,1.3,2.18,1.54
63.23,39.77,51.84,39.86,32.32,36.57,84.71,37.34,57.67,6.23,52.13,13.5,0,23.82,28.74,28.61,28.67,29.92,964.23,26.9,0.01,41.11
78.94,50.79,64.23,53.43,38.83,47.18,69.33,36.7,54.93,10.35,64.5,0.13,0,31.94,28.65,28.56,28.61,29.85,1043.8,26.16,0,38.93
73.62,58.08,65.98,59.14,50.66,56.2,86.08,59.9,71.15,6.54,66.18,0,0.85,29.15,28.7,28.56,28.62,29.87,700.41,13.74,0,19.07
78.84,58.46,69.47,68.06,56.45,62.89,95.22,61.65,80.21,5.31,69.46,0,3.65,37.11,28.56,28.37,28.48,29.71,1014.65,17.33,0.43,18.11
68.52,50.18,58.03,57.15,40.11,47.2,94.93,37.82,69.59,5.48,58.38,5.65,0,41.2,28.74,28.43,28.62,29.86,992.71,22.92,0.04,34.82
64.54,45.24,54.38,43.86,35.37,39.19,90.83,34.4,58.77,6.65,55.1,10.11,0,29.24,28.89,28.74,28.81,30.06,1043.77,27.65,0,39.66
78.31,41.03,62.3,50.74,36.63,45.28,92.64,33.27,57.86,10.48,63.74,5.33,0,23.67,28.8,28.6,28.71,29.96,969.82,27.66,0,39.36
81.23,59.4,70.1,59.86,50.21,55.15,73.81,41.82,60.11,10.87,70.32,0,5.31,33.76,28.64,28.55,28.6,29.84,1176.73,23.68,0,35.59
70.77,61.88,67.21,63.68,56.47,60.45,95.74,66.68,79.12,4.8,67.49,0,1.33,26.53,28.81,28.63,28.74,29.99,460.01,0,0.04,9.69
64.49,55.81,59.32,63.32,53.77,56.93,98.08,82.91,91.88,1.41,59.14,4.85,0,36.98,28.84,28.72,28.76,30.01,896.89,8.31,0.49,11.36
61.77,53.17,56.99,55.52,52.22,54.14,98.39,77.04,90.45,1.61,57.42,7.53,0,11.4,28.75,28.57,28.66,29.9,356.73,6.43,0.03,7.27
78.85,51.67,63.68,56.05,48.13,52.5,99.57,36.28,71.02,7.56,64.37,0,0.26,31.14,28.86,28.55,28.65,29.9,1009.05,0,0,37.85
75.06,46.07,63.16,50.92,41.11,45.33,97.12,30.69,56.7,10.41,64.6,4.44,0,21.34,28.96,28.71,28.85,30.1,973.21,27.93,0,37.71
81.81,59.23,69.24,59.69,41.44,49.37,66.2,28.79,50.46,13.02,69.58,0,5.52,27.69,28.72,28.56,28.6,29.84,951.66,26.94,0,36.87
80.92,50.58,66.13,65.16,41.05,53.22,80.9,49.17,63.7,8.48,65.93,0,0.75,30.33,28.71,28.49,28.62,29.86,1042.58,24.12,0,34.05
73.29,62.26,67.16,64.74,60.26,62.1,98.9,71.61,84.33,3.8,67.15,0,2.78,26.89,28.74,28.51,28.64,29.89,1011.9,9.26,0.01,11.49
75.43,56.89,66.45,70.77,56.14,64.46,98.94,81.39,93.57,1.65,66.55,0,1.16,27.47,28.7,28.47,28.6,29.84,616.51,5.44,0.5,6
72.7,57.42,64.03,66.66,54.57,60,99.78,65.25,87.46,2.77,64.18,0,0.06,37.71,28.7,28.56,28.64,29.88,844.04,7.98,0.9,8.29
67.35,56.3,61.99,58.82,54.33,57.02,97.79,70.92,84.26,3.19,62.07,3.17,0,20.02,28.85,28.65,28.76,30.01,1099.06,0,0,19.65
66.52,55.76,58.59,61.84,54.85,57.03,97.62,79.71,94.6,0.94,58.59,3.86,0,19.08,28.78,28.64,28.72,29.97,306,0,1.22,7.23
70.65,55.18,61.16,57.89,53.2,55.44,99.51,55.36,82.95,3.68,61.37,2.09,0,14.1,28.77,28.64,28.71,29.95,1140.59,18.46,0,22.17
78.28,53.78,67,65.07,52.89,59.66,98.28,61.84,78.56,5.78,67.1,0,1.03,23.82,28.73,28.54,28.63,29.88,1063.37,26.83,0.4,35.44
82.51,60.82,71.34,68.16,58.12,62.59,95.49,53.54,75.34,7.45,71.49,0,6.66,28.43,28.7,28.59,28.66,29.9,990.37,23.16,0.09,31.3
81.07,61.45,71.83,68.9,60.01,64.55,95.94,60.69,78.83,6.3,71.83,0,6.26,32.3,28.77,28.54,28.67,29.91,1067.81,21.66,0.09,28.14
70.63,57.67,63.87,66.32,56.69,59.73,98.58,70.98,86.92,2.89,63.99,0.85,0,34.49,28.63,28.39,28.49,29.73,738.98,14.63,2.02,18.62
60.69,46.81,53,56.35,39,45.79,92.83,64.73,76.69,3.14,52.68,11.25,0,28.95,28.91,28.56,28.75,30,857.06,14.02,0.01,17.98
62.87,41.68,52.26,50.5,39.21,43.8,95.62,52.82,74.48,3.89,52.22,12.72,0,23.67,28.92,28.78,28.86,30.11,1038.7,19.99,0.43,29.2
59.88,49.82,53.84,52.51,48.92,50.51,98.18,71.34,88.89,1.7,54.03,10.15,0,16.66,28.79,28.63,28.7,29.94,817.71,7.68,0.12,11.44
74.03,45.31,61.06,53.16,40.72,47.04,99.61,30.67,65.06,8.21,62.12,5.33,0,21.18,28.69,28.61,28.65,29.89,1070.24,27.1,0,34.11
81.03,50.16,68.13,60.02,47.16,54.73,92.12,42.11,64.59,10.1,69.17,0,0.6,23.17,28.71,28.62,28.67,29.91,1066.54,28.69,0,36.34
82.26,60.31,72.37,60.01,53.59,56.47,80.23,40.37,58.68,12.22,72.77,0,6.28,24.11,28.75,28.67,28.71,29.96,980.21,26.91,0,34.93
85.33,61.5,74.45,65.36,57.36,61.18,86.55,45.22,64.94,11.54,74.71,0,8.42,22.95,28.76,28.68,28.72,29.96,973.02,28.97,0,36.46
85.37,63.95,75.07,69.34,60.09,63.25,87.89,47.21,68.16,10.57,75.26,0,9.66,24.47,28.74,28.61,28.68,29.92,1049.84,27.78,0,34.65
82.09,67.69,74.82,67.42,61.06,65.1,87.27,58.32,72.46,8.63,74.88,0,9.89,31.43,28.6,28.44,28.53,29.76,1085.05,20.88,0,26.99
74.82,61.57,68.05,69.5,59.92,64.41,97.46,78.7,88.41,2.91,68.16,0,3.2,36.62,28.5,28.34,28.41,29.64,836.05,7.39,0.82,7.77
76.62,51.75,65.9,66.34,48.38,54.61,98.52,47.38,68.53,7.67,66.45,0.82,0,22.21,28.73,28.46,28.65,29.89,994.26,30.19,0,37.57
79.54,59.9,68.5,72.76,55.94,63.91,97.89,73.68,85.52,3.74,68.7,0,4.72,28.05,28.71,28.31,28.5,29.74,529.88,5.98,1.09,7.08
75.36,62.4,67.87,67.81,41.39,53.55,99.42,29.82,65.67,8.93,68.12,0,3.88,51.81,28.37,28.26,28.3,29.53,1015.9,23.71,1.9,31.8
84.58,55.54,73.03,73.34,46.18,63.29,83.25,54.76,71.8,7.89,73.64,0,5.06,23.31,28.61,28.37,28.49,29.73,997.03,15.44,0,16.75
84.11,72.82,77.58,72.1,67.21,69.94,94.25,61.27,78.19,7.48,77.83,0,13.47,32.14,28.75,28.61,28.69,29.93,970.85,16.92,0,22.05
83.95,64.44,76.35,72.18,63.27,69.43,97.55,65.24,80.05,6.83,76.53,0,9.19,36.17,28.81,28.62,28.71,29.95,896.09,15.8,0.74,19.45
84.09,64.09,73.68,71.98,62.01,67.07,97.65,65,80.92,6.34,73.8,0,9.09,41.58,28.85,28.66,28.74,29.99,1124.57,22.21,1.05,27.95
82.18,63.54,73.53,69.4,62.42,66.53,98.05,60.78,79.94,6.48,73.63,0,7.86,25.43,28.83,28.65,28.75,30,1071.02,22.01,0.08,28.35
80.94,71.4,76.24,70.18,66.4,67.95,86.54,67.33,75.79,7.68,76.4,0,11.17,30.62,28.66,28.48,28.58,29.82,1076.66,19.72,0,21.33
82.98,66.43,74.24,71.57,61.26,67.51,89.11,67.95,79.85,6.13,74.47,0,9.7,31.63,28.5,28.37,28.45,29.68,762.82,16.56,0.02,20.38
75.16,58.19,66.58,72.08,57.54,63.79,98.63,78.98,90.84,2.09,67.09,0,1.68,21.56,28.68,28.45,28.55,29.79,540.92,6.03,0.24,7.27
79.7,54.84,67.94,61.15,47.75,55.33,100,32.72,68.76,9.19,69.54,0,2.27,19.8,28.79,28.68,28.73,29.98,990.6,30.32,0,36.69
84.27,57.4,72.62,62.44,54.28,59.1,95.86,39.2,65.39,11.31,74.14,0,5.84,14.1,28.82,28.69,28.75,30,1003.84,26.23,0,31.31
85.46,62.64,72.2,71.54,59.38,63.8,92.85,55.12,75.75,7.19,72.95,0,9.05,45.45,28.8,28.63,28.71,29.96,1041.24,19.48,0.16,23.57
86.04,65.19,75.37,66.41,61.89,64.77,97.14,46.93,72.06,9.81,75.54,0,10.61,13.96,28.74,28.66,28.71,29.95,1064.2,26.37,0,32.42
87.08,66.2,75.82,71.67,64.09,68.46,96.07,54.12,79.36,7.33,75.97,0,11.64,21.7,28.75,28.65,28.7,29.95,1084.36,20.36,0,24.81
83.17,66.07,74.58,70.01,62.69,67.36,95.63,59.24,79.28,6.69,74.47,0,9.62,29.75,28.78,28.61,28.69,29.93,869.13,0,0.3,22.86
87.73,68.52,75.2,72.79,66.96,69.28,97.56,50.59,83.31,5.86,75.02,0,13.12,22.37,28.69,28.57,28.62,29.87,1179.18,22.11,0.01,24.02
75.54,65.91,69.69,70.3,62.97,66.61,97.3,68.29,90.31,2.49,69.57,0,5.73,25.28,28.6,28.51,28.55,29.79,1067.42,10.58,0.1,13.86
87.19,65.68,75.76,68.65,62.98,65.69,96.79,47.48,73.29,9.59,75.41,0,11.43,21.18,28.61,28.53,28.57,29.81,1084.37,27.04,0,30.31
88.03,63.37,77.07,67.99,61.64,65.61,94.86,46.29,69.82,11.07,77.67,0,10.7,15.42,28.66,28.58,28.62,29.86,983.53,29.78,0,34.72
83.25,64.02,72.78,69.64,54.2,63.67,99.53,49.9,74.12,7.62,72.97,0,8.63,50.78,29.02,28.62,28.79,30.04,966.03,19.39,1.47,24.18
76.14,58.05,67.55,55.38,45.43,50.43,86.22,35.53,56.78,10.94,67.98,0,2.09,25.95,29.13,28.99,29.06,30.32,1043.68,30,0,36.8
79.34,56.28,69.29,60.24,50.95,54.54,93.43,41.39,62,10.66,69.84,0,2.81,22.86,29,28.75,28.87,30.12,1082.5,28.01,0,35.03
80.51,54.86,69.83,56.87,50.16,53.01,91.14,35.81,57.82,11.95,70.86,0,2.69,17.9,28.93,28.78,28.85,30.11,984.34,30.3,0,35.66
85.96,62.17,74.67,70.58,53.16,63.82,93.09,57.05,69.76,9.6,74.7,0,9.07,31.14,28.79,28.51,28.64,29.88,1040.85,22.75,0.39,30.07
86.88,65.64,79.28,74.09,62.27,69.51,90.21,61.45,72.54,9.9,79.36,0,11.26,50.42,28.64,28.5,28.56,29.8,1067.02,19.05,0.16,24.29
79.5,62.47,69.23,67.35,61.92,64.85,98.67,58.84,86.95,3.67,69.31,0,5.99,20.83,28.69,28.51,28.63,29.87,1192.89,16.2,0.9,21.56
83.37,63.75,73.53,68.47,62.93,65.61,99.42,50.76,78.31,7.26,73.95,0,8.56,16.37,28.73,28.62,28.67,29.91,1102.45,25.28,0.01,31.22
87.91,66.2,78.15,69.53,64,66.97,99.02,47.78,71.06,11.14,78.61,0,12.05,18.7,28.72,28.54,28.64,29.88,993.36,25.81,0,30.34
85.03,62.65,74.06,69,61.88,65.3,97.93,50.1,76.14,8.14,74.54,0,8.84,41.14,28.69,28.45,28.54,29.78,1026.62,27.06,0.68,31.77
91.96,67.86,81.35,78.33,66.2,72.66,95.48,60.3,76.14,10,81.61,0,14.91,20.83,28.55,28.46,28.5,29.74,1080.86,27.52,0,30.4
91.76,79.09,85.39,76.58,71.7,74.85,91.28,55.4,71.91,12.45,85.32,0,20.42,35.3,28.54,28.45,28.49,29.73,968.85,28.76,0,34.31
90.59,76.68,82.07,76.28,67.82,72.82,87.47,49.66,74.43,10.08,82.04,0,18.63,29.3,28.62,28.52,28.58,29.82,1011.55,22.89,0,25.05
79.16,67.05,73.5,74.43,65.26,70.61,98.19,75.27,90.89,2.73,73.7,0,8.1,25.57,28.64,28.49,28.55,29.79,1045.28,7.26,0.92,8.52
83.86,64.06,74.35,68.59,56.58,62.29,99.67,43.32,68.94,10.25,74.81,0,8.96,16.15,28.72,28.58,28.66,29.91,993.3,30.76,0.01,35.54
88.39,69.31,78.71,72.94,68.3,70.03,98,54.94,76.33,9.1,78.61,0,13.85,18.79,28.77,28.66,28.71,29.96,1013.29,28.39,0,33.18
88.86,71.6,80.61,73.5,69.32,71.11,93.47,54.44,74.22,10.2,80.55,0,15.23,21.41,28.92,28.81,28.87,30.12,1014.01,27.89,0,33.08
91.71,73.45,82.5,74.03,69.73,71.62,91.81,52.7,71.18,12.12,82.53,0,17.58,20.98,28.89,28.78,28.84,30.09,976.47,28.77,0,33.74
92.64,72.64,82.91,73.74,66.34,70.44,88.16,46.45,67.67,13.81,83.33,0,17.64,17.61,28.85,28.74,28.81,30.06,1056.77,25.71,0,32.5
86.97,72.03,78.98,71.93,66.71,69.54,98.22,53.52,74.37,9.51,78.94,0,14.5,20.47,28.84,28.74,28.8,30.04,1123.34,27.69,0,29.55
87.78,70.36,79.24,71.1,67.28,68.96,92.6,53.17,72.13,10.43,79.23,0,14.07,18.92,28.81,28.68,28.76,30.01,1068,27.51,0,31.48
90.54,72.55,80.81,72.92,67.85,70.57,94.44,50.51,72.81,10.99,80.84,0,16.55,20.98,28.74,28.61,28.68,29.93,999.31,26,0.15,33.11
89.44,72.46,79.73,74.34,68.14,71.15,91.27,56.68,75.82,9.01,79.7,0,15.95,23.67,28.7,28.61,28.65,29.89,1077.93,23.78,0,29.1
90.34,73.36,81.54,75.05,70.07,72.42,90.62,57.47,74.89,10.07,81.5,0,16.85,21.56,28.71,28.61,28.67,29.91,1110.14,23.15,0,27.69
90.01,74.64,82.16,76.54,71.1,73.29,88.92,57.89,75.24,9.89,82.17,0,17.33,20.98,28.82,28.71,28.77,30.02,946.2,23.93,0,28.31
87.73,69.37,79.04,74.3,65.31,70.74,93.6,57.3,76.72,8.54,79.27,0,13.55,24.56,28.87,28.78,28.83,30.08,1137.84,19.47,0,23.02
91.29,70.41,81.31,73.05,68.49,70.82,98.84,50.98,72.91,11.55,81.86,0,15.85,24.76,28.82,28.69,28.76,30.01,1145.35,22.42,0,29.36
90.91,71.78,80.21,75.26,64.47,70.66,93.73,48.93,74.04,10.15,80.42,0,16.35,24.47,28.74,28.62,28.69,29.93,1129.06,22.83,0,27.73
93.83,73.22,83.88,76.69,69.05,73.23,91.09,54.7,71.61,12.54,83.92,0,18.52,21.85,28.72,28.62,28.66,29.9,976.89,26.55,0,32.16
95.05,76.42,84.99,77.69,70.73,74.55,89.54,50.19,72.21,12.49,84.87,0,20.74,18.48,28.83,28.72,28.76,30.01,1019.82,26.84,0,32.55
89.44,69.39,80.42,72.98,60.96,66.95,93.59,40.92,66.2,13.22,80.92,0,14.41,20.38,28.87,28.73,28.79,30.04,946.82,0,0,34.39
88.09,64.54,77.85,66.82,60.77,63.62,95.79,40.82,64.21,13.39,78.77,0,11.32,19.89,28.76,28.67,28.72,29.96,974.44,29.69,0,34.81
89.8,66.06,79.53,70.11,58.16,65.58,96.56,40.84,65.52,13.88,80.26,0,12.93,22.5,28.77,28.69,28.73,29.98,972.5,29.52,0,34.35
88.29,71.17,79.69,73.34,67.47,70.32,94.21,53.66,74.43,9.66,79.63,0,14.73,21.12,28.78,28.7,28.74,29.98,1091.55,22.7,0,27.68
91.49,67.86,79.91,70.97,66.32,68.8,97.38,44.89,71.32,11.78,80.17,0,14.67,19.66,28.73,28.61,28.68,29.92,1094.24,25.38,0,31.1
99.52,70.32,86.03,73.68,66.68,70.66,95.05,35.97,63.59,18.61,86.15,0,19.92,17.9,28.71,28.63,28.67,29.92,968.14,27,0,31.06
96.37,77.45,86.66,73.7,68.46,71.23,78.81,44.12,61.47,17.92,86.27,0,21.91,24.27,28.74,28.65,28.7,29.94,960.38,27.11,0,33.05
95.86,77.77,86.05,72.02,66.54,70.16,80.69,43.46,60.65,18,85.64,0,21.82,27.98,28.71,28.58,28.66,29.9,942.05,28.37,0,34.39
96.64,77.22,86.53,71.42,64.33,69.18,80.34,36.13,58.26,19.56,86.14,0,21.93,27.34,28.68,28.6,28.65,29.89,944.2,28.67,0,34.65
96.57,76.71,86.12,72.22,64.88,68.93,81.91,36.57,58.84,19.32,85.78,0,21.64,27.11,28.68,28.59,28.64,29.88,949.75,28.53,0,34.71
98.73,74.66,86.81,70.33,63.47,68.19,85.41,32.65,56.9,21.23,86.5,0,21.69,25.37,28.7,28.63,28.67,29.91,946.24,27.96,0,33.8
87.39,69.62,78.62,71.8,56.88,65.65,96.31,36.86,66.82,12.06,78.47,0,13.5,25.86,28.94,28.7,28.84,30.09,1105.84,19.27,0,22.58
85.15,63.93,74.82,62.58,53.58,57.47,78.71,36.47,56.91,13.97,74.92,0,9.54,22.37,28.99,28.88,28.94,30.19,1031.87,28.57,0,34.41
87.04,57.06,74.44,61.34,52.21,56.65,96.65,33.05,57.69,14.64,75.41,0,7.05,16.95,28.98,28.83,28.9,30.16,976.57,28.83,0,35.28
86.95,64.92,76.73,59.64,51.72,56.51,79.84,31.77,51.94,16.48,76.65,0,10.94,33.46,28.94,28.82,28.88,30.13,967.11,28.34,0,35.04
87.71,64.35,76.54,60.66,52.78,57.4,74.15,31.43,53.18,15.83,76.44,0,11.03,16.59,28.94,28.86,28.9,30.15,1074.09,26.23,0,33.04
91.27,68,79.82,64.26,57.69,60.83,78.18,34.23,54.63,17.58,79.6,0,14.64,20.18,28.95,28.82,28.89,30.14,1054.12,26.81,0,33.04
95.29,71.94,83.84,70.9,60.64,64.83,79.41,35.36,55.03,19.74,83.47,0,18.61,24.27,28.85,28.69,28.77,30.02,1030.16,25.9,0,32.06
97.88,74.68,84.26,74.38,66.14,70.28,91.34,36.96,64.75,15.51,84.05,0,21.28,21.18,28.77,28.67,28.71,29.96,1003.31,24.71,0.02,28.95
96.13,72.12,83.9,74.93,64.97,70.18,97.22,39.17,66.96,15.55,84.01,0,19.13,16.81,28.82,28.73,28.78,30.03,979.4,27.12,0,27.42
97.7,73.17,85.87,73.31,64.77,68.25,83.42,35.59,58.07,19.79,85.65,0,20.43,21.92,28.83,28.72,28.78,30.02,922.78,27.15,0,33.54
96.64,75.22,85.03,71.91,67.63,69.36,80.24,41.83,60.91,17.41,84.64,0,20.93,19.66,28.84,28.72,28.77,30.02,1023.56,21.75,0,26.83
91.53,75.6,83.01,74.13,69.26,71.01,86.66,51.76,68.12,13.07,82.68,0,18.56,21.05,28.83,28.66,28.74,29.98,1091.42,15.65,0.01,21.81
84.24,71.13,77.4,72.75,65.88,69.77,93.02,55.44,77.96,7.35,77.26,0,12.68,24.99,28.78,28.71,28.74,29.98,728.41,10.78,0,13.07
90.64,68,79.47,72.09,66.69,69.68,98,47.65,74.47,10.48,79.77,0,14.32,16.15,28.82,28.71,28.76,30.01,1138.49,20.63,0,26.29
95.7,70.29,83.21,72.3,66.4,69.93,97.67,39.92,67.26,14.87,83.68,0,17.99,16.22,28.79,28.68,28.73,29.98,1073.67,23.26,0,27.38
98.82,77.2,87.61,73.2,63.85,69.53,84.75,33.68,57.92,20.97,87.34,0,23.01,30.4,28.74,28.62,28.69,29.93,1026.38,22.42,0,28.18
101.91,77.34,89.8,71.97,66.74,69.79,81.87,33.35,54.65,24.36,89.52,0,24.63,19.66,28.67,28.57,28.63,29.87,902.96,0,0,32.5
91.87,78.15,82.94,76.05,68.98,72.28,91.41,52.6,70.97,11.5,82.71,0,20.01,18.28,28.72,28.6,28.65,29.9,1076.59,12.26,0,15.59
91.26,74.57,80.11,77.13,71.45,75.09,95.78,59.31,85.61,5.72,79.82,0,17.91,25.5,28.77,28.63,28.68,29.93,1030.1,14.87,0.12,17.85
102.88,76.37,88.14,75.92,65.81,70.97,95.1,31.48,61.59,21.17,87.92,0,24.63,17.32,28.71,28.61,28.66,29.9,1101.8,22.81,0,30.5
102.33,77.59,89.48,71.42,65.96,69.02,78.25,32.74,53.46,24.58,89.14,0,24.96,22.44,28.72,28.62,28.67,29.92,915.86,25.47,0,33.16
103.84,76.64,90.12,70.25,62.84,67.44,77.21,26.87,50.36,27.16,89.82,0,25.24,22.79,28.68,28.56,28.62,29.87,918.14,26.49,0,34.03
87.46,74.41,80,74.14,64.63,69.24,94.85,51.38,70.8,10.65,80.05,0,15.93,20.6,28.8,28.68,28.74,29.98,972.16,12.45,0.11,16.21
93.27,68.29,82,73.8,64.98,68.49,91.26,41.82,65.74,14.34,81.74,0,15.78,22.08,28.87,28.74,28.81,30.06,935.75,24.84,0,33.04
97.25,68.61,84.31,70.59,63.57,67.41,93.11,35.45,59.93,18.67,84.49,0,17.93,19.73,28.83,28.66,28.75,29.99,1003.42,24.37,0,32.76
99.46,76.24,87.67,71.6,63.35,67.97,75.03,34.52,53.84,22.62,87.26,0,22.85,24.7,28.7,28.57,28.65,29.89,932.75,25.77,0,34.35
100.67,74.44,88.09,72.34,59.93,69.42,80.75,37.09,55.96,21.94,87.71,0,22.56,44.87,28.64,28.49,28.58,29.82,891.95,24.7,0.02,33.15
97.56,74.88,84.1,77.57,64.97,71.43,94.87,42.93,67.38,14.55,83.96,0,21.22,30.47,28.68,28.53,28.61,29.85,900.43,19.09,0.07,23.88
101.16,77.99,88.71,73.27,67.59,70.41,76.25,35.49,56.8,22.04,88.3,0,24.57,19.95,28.75,28.66,28.7,29.95,890.49,25.09,0,33.9
100.96,76.86,88.91,71.88,65.29,68.91,78.18,33.29,54.1,23.64,88.7,0,23.91,19.8,28.8,28.69,28.75,30,906.23,24.38,0,32.45
100.51,73.78,88.01,70.36,61.61,67.05,82.57,28.59,53.12,23.86,87.79,0,22.14,19.51,28.79,28.63,28.72,29.96,926.04,25.28,0,33.05
94.42,71.19,80.21,73.51,64.59,68.38,96.7,41.02,69.34,12.3,79.98,0,17.81,28.43,28.74,28.6,28.68,29.93,1030.53,17.84,0.61,23.59
87.6,68.81,76.45,70.66,63.59,68.52,97.55,46.18,78.85,7.81,76.02,0,13.21,27.47,28.78,28.66,28.71,29.95,1076.33,20.74,2.04,28.68
89.47,69.85,77.2,75.22,68.47,70.68,97.42,55.4,81.73,6.81,77,0,14.66,27.25,28.76,28.66,28.71,29.95,1061.91,16.75,0,22.62
87.66,66.15,76.97,73.51,63.97,69.81,97.37,57.36,79.84,7.34,76.95,0,11.9,37.42,28.74,28.52,28.61,29.85,1003.51,19.26,0.67,27.21
97.7,68.52,83.87,77.06,63.79,73.29,95.12,47.08,72.85,13.1,83.72,0,18.11,51,28.71,28.43,28.5,29.74,910.91,24.21,1.28,33.85
78.94,70.25,73.87,71.63,62.7,69.37,96.29,74.69,86.11,4.05,74.11,0,9.6,23.67,28.84,28.6,28.76,30,595.74,7.6,0.05,9.84
87.69,66.13,77.1,71.97,60.57,66.39,88.66,51.92,70.63,10.24,77.67,0,11.91,11.98,28.88,28.74,28.83,30.08,1070.42,22.4,0,33.08
92.08,74.41,82.76,75.24,70.54,72.69,90.71,56.07,72.77,11.42,82.82,0,18.25,20.31,28.81,28.69,28.75,30,913.61,0,0,29.03
80.33,66.31,72.49,71.56,64.81,68.04,97.87,73.21,86.44,4.06,72.65,0,8.32,31.43,28.94,28.72,28.82,30.07,725.49,8.47,1.31,12.47
83.03,67.21,73.39,72.14,66.14,68.91,97.97,66.04,86.56,4.25,73.28,0,10.12,16.66,28.91,28.78,28.84,30.09,968.05,16.38,0,20.43
88.86,68.16,78.08,71.89,66.36,69.07,95.4,50.85,75.61,9.3,78.63,0,13.51,11.84,28.89,28.78,28.83,30.08,924.98,23.56,0,32.65
91.42,70.32,81.21,72.49,66.89,69.47,95,47.7,69.43,12.5,82.07,0,15.87,14.54,28.88,28.76,28.82,30.07,1005.03,23.24,0,31.78
91.81,69.8,81.08,71.95,63.83,68.54,93.7,41.85,67.87,13.23,82.05,0,15.81,17.46,28.8,28.72,28.77,30.01,878.27,24.03,0,34.42
92.12,67.75,80.7,72.43,61.46,67.64,98.17,36.87,67.55,13.7,82.47,0,14.93,15.27,28.9,28.79,28.85,30.1,990.01,23.84,0,32.3
92.01,68.99,81.28,70.53,60.63,65.61,91.32,36.04,62.08,15.85,82.73,0,15.5,16.22,28.9,28.79,28.84,30.09,873.04,23.42,0,34.09
95.02,69.28,82.37,68.04,61.29,65.28,83.54,33.87,58.99,17.72,83.54,0,17.15,16.15,28.85,28.75,28.8,30.05,865.59,23.5,0,33.9
94.05,69.87,82.86,70.64,61.84,66.14,86.44,34.78,59.74,17.57,84.1,0,16.96,19.15,28.8,28.65,28.73,29.98,848.88,23.04,0,33.18
92.71,70.38,82.13,68.98,57.93,63.92,73.33,31.44,55.45,17.93,82.8,0,16.55,22.5,28.73,28.64,28.68,29.93,974.42,21.28,0,32.12
90.66,72.75,81.59,68.83,63.63,65.72,73.99,43.46,59.66,15.78,82.02,0,16.71,27.56,28.76,28.67,28.72,29.96,868.94,22.91,0,34.88
89.55,72.84,81.02,71.55,66.32,68.07,82.98,47.95,65.7,13.14,81.23,0,16.19,23.76,28.83,28.74,28.78,30.03,922.27,22.14,0,32.01
89.28,71.56,80.66,69.9,64.14,67.15,86.13,44.35,64.86,13.51,80.93,0,15.42,24.11,28.87,28.74,28.8,30.05,904.5,21.21,0,33.99
90.61,69.49,79.9,71.15,65.7,68.03,94.94,47.73,68.62,12.17,80.12,0,15.05,26.96,28.92,28.73,28.8,30.05,972.43,20.72,0.1,31.86
82.51,66.88,73.43,70.85,65.79,68.18,97.27,61.45,84.6,4.9,73.6,0,9.7,16.37,28.99,28.9,28.93,30.19,1069.22,15.93,0.62,22.13
89.92,67.77,78.97,71.26,64.14,67.46,97.86,45.26,70.54,11.75,80,0,13.85,18.12,28.95,28.83,28.89,30.15,860.28,20.95,0,32.44
91.83,72.05,81.35,70.29,62.33,66.19,77.73,39.3,61.41,15.21,82.66,0,16.94,15.05,28.88,28.79,28.84,30.09,849.55,21.38,0,32.63
91.17,72.03,81.31,71.35,64.36,67.2,81.79,44.54,63.45,14.39,82.63,0,16.6,16.95,28.86,28.74,28.8,30.05,894.67,21.44,0,30.1
90.5,68.97,80.85,69.72,63.76,66.38,87.66,43.72,62.77,14.5,82.04,0,14.74,20.76,28.8,28.69,28.74,29.99,861.79,21.16,0,33.49
90.5,68.56,80.06,71.28,65.5,68.46,92.62,48.59,69.29,12.01,80.97,0,14.53,18.19,28.76,28.67,28.71,29.96,838.08,21.48,0,34.74
88.61,69.8,78.86,71.21,64.22,68.04,94.66,46.33,71.16,10.74,79.27,0,14.21,21.47,28.75,28.64,28.7,29.95,986.13,21.07,0,27.92
80.76,69.46,73.31,73.16,65.08,69.86,98.05,72.15,89.27,3.18,73.19,0,10.11,26.82,28.77,28.65,28.71,29.96,857.47,10.93,0.27,11.98
86.34,69.13,76.81,74.35,66.83,70.35,97.03,57.41,81.81,6.55,77.01,0,12.74,23.6,28.81,28.69,28.74,29.98,931.64,12.32,0.71,17.75
85.12,72.84,77.1,73.81,68.92,71.47,95.2,65.12,83.3,5.64,77.42,0,13.98,22.66,28.77,28.67,28.71,29.95,583.81,8.99,0.11,13.25
86.63,70.48,77.11,73.93,69.99,72.39,99.17,65.08,86.33,4.96,77.35,0,13.56,14.61,28.84,28.73,28.77,30.02,786.36,12.24,0.15,20.49
86.32,72.61,77.76,74.16,69.3,71.62,98.75,58.38,82.66,6.33,77.89,0,14.47,21.27,28.73,28.57,28.65,29.89,948.04,14.51,1.14,20.77
92.1,70.88,81.01,73.42,68.5,71.2,95.33,51.39,73.95,10.91,81.2,0,16.49,22.15,28.62,28.53,28.58,29.82,791.64,20.25,0,33.91
86.99,68.18,78.02,70.26,64.67,67.57,90.24,54.5,71.19,10.13,78.11,0,12.59,27.56,28.74,28.55,28.63,29.87,1008.49,18.37,0,29.51
90.9,73.81,81.29,71.16,62.65,67.36,78.76,48.58,63.55,14.13,81.54,0,17.36,33.53,28.55,28.44,28.51,29.75,783.14,20.12,0,34.7
87.6,74.3,79.61,72.99,67.38,70.76,89.61,58.14,75.12,9.1,79.87,0,15.95,21.85,28.69,28.51,28.62,29.87,828.29,15.02,0,22.96
86.85,73.8,79.51,75.65,68.55,71.17,87.48,62.22,76.12,8.54,79.78,0,15.32,26.37,28.77,28.67,28.72,29.96,858.85,12.05,0.01,17.05
87.13,73.76,79.54,71.81,67.18,69.92,83.84,58.46,72.92,9.7,79.8,0,15.45,25.28,28.78,28.69,28.73,29.97,950.91,14.49,0,23.47
86.77,73.56,79.82,71.71,66.43,68.92,88.6,56.19,70.15,10.85,80.14,0,15.17,27.25,28.75,28.65,28.7,29.94,882.84,16.97,0,27.73
88.52,72.91,80.13,71.46,65.43,67.8,85.59,49.3,67.08,12.3,80.53,0,15.72,23.38,28.74,28.65,28.7,29.95,891.4,19.64,0,33.72
77.11,56.91,68.58,66.82,54,62.01,91.1,65.38,80.18,5.2,68.37,0,2.01,19.8,28.97,28.72,28.88,30.13,795.65,15.3,0,24.88
83.64,55.72,68.27,69.84,53.78,61.76,94.16,57.7,80.92,5.55,68.45,0,4.68,14.98,28.96,28.79,28.89,30.14,840.8,16.43,0,25.52
87.76,67.19,74.26,69.53,51.92,64.63,95.75,46.96,74.17,8.64,74.62,0,12.48,24.47,28.79,28.64,28.73,29.97,901.14,12.71,0,21.85
69.24,53.51,61.51,60.99,41.98,53.25,93.48,48.26,75.29,4.65,61.64,3.62,0,33.24,29.01,28.72,28.83,30.08,612.27,8.72,0,12.5
71.35,46.11,57.86,45.98,38.64,42.78,87.47,32.19,60.72,7.76,59.66,6.27,0,17.39,29.08,28.91,28.99,30.25,799.36,20.24,0,37.58
74.97,43.03,60.71,52.4,40.13,45.56,96.12,35.47,60.77,8.78,62.06,6,0,21.7,28.91,28.7,28.82,30.07,779.05,19.56,0,37.11
80.55,60.08,69.91,65.42,47.34,58.92,85.61,58.47,68.52,8.27,70.17,0,5.31,29.24,28.71,28.5,28.59,29.83,964.27,11.43,0.02,19.27
78.69,43.47,63.07,72.52,33.38,54.3,92.17,53.65,73.63,5.02,63.04,3.92,0,37.85,28.87,28.5,28.62,29.86,836.71,12.79,0.14,21.49
54.95,34.01,44.33,33.13,17.87,25.34,84.54,24.15,50.23,5.47,44.97,20.52,0,36.39,29.1,28.87,29.02,30.28,800.45,19.88,0,40.08
65.86,29.75,48.49,31.36,20.46,26.82,89.39,18.84,49.69,7.78,50.05,17.2,0,20.89,29.03,28.76,28.9,30.15,793.56,19.84,0,39.17
77.52,41.93,58.87,49.18,30.2,39.01,73.87,26.33,50.62,10.13,59.79,5.28,0,17.24,28.76,28.67,28.72,29.97,755.62,18.66,0,36
79.12,53.65,65.81,64.38,47.63,55.29,93.6,45.74,70.48,7.29,66.08,0,1.39,24.7,28.74,28.61,28.68,29.93,739.7,13.8,0,24.05
82.49,52.61,69.03,68.85,35.43,58.03,98.5,41.26,70.49,7.17,69.09,0,2.55,30.91,28.92,28.61,28.69,29.94,822.38,12.5,0,21.07
65.84,42.23,52.96,43.58,33.32,35.95,94,31.12,55.03,6.95,54.34,10.97,0,17.83,29.01,28.83,28.92,30.18,752.85,18.54,0,36.86
76.8,43.13,59.41,44.47,35.13,39.62,92.34,22.82,52.33,10.27,60.04,5.03,0,21.12,28.84,28.62,28.73,29.97,752.53,18.4,0,36.42
74.98,48.36,61.28,50.27,38.41,44.25,87.72,27.41,57.19,9.35,61.41,3.33,0,25.79,28.63,28.43,28.53,29.77,723.13,17.74,0.04,36.39
73.63,47.44,60.14,53.2,44.76,49.14,95.13,40.89,69.45,6.5,61.75,4.46,0,26.08,28.6,28.41,28.53,29.77,712.89,17.3,0,34.96
82.71,44.02,63.5,65.36,35.48,50.67,98.69,34.43,67.65,8.9,65.02,1.64,0,34.92,28.59,28.25,28.46,29.69,713.59,16.73,0.1,33.43
69.82,39.57,55.52,36.43,20.65,29.81,81.96,16.23,41.17,10.06,58.07,10.3,0,32.08,28.85,28.39,28.65,29.89,739.37,17.89,0,37.02
70.97,36.82,54.28,35.44,23.81,28.48,67.02,17.89,40.64,10.05,56.66,11.11,0,23.24,28.98,28.79,28.88,30.13,730.1,17.65,0,36.37
78.06,48.52,63.05,55.71,32.19,45.28,88.45,38.29,53.32,10.09,63.41,1.71,0,32.88,28.79,28.64,28.72,29.96,705.26,14.94,0.05,30.99
58.33,41.88,47.15,54.9,40.24,45.57,97.4,87.76,94.22,0.65,47.34,14.89,0,38.14,28.96,28.77,28.88,30.13,210.17,1.4,1.79,1.33
45.6,41.07,42.93,44.59,40,41.82,97.63,94.51,95.8,0.4,43.08,21.66,0,27.85,28.97,28.8,28.91,30.16,162.95,1.51,1.89,1.49
64.38,43.6,52.1,44.44,36.37,41.12,96.87,39.48,68.91,4.86,52.58,11.01,0,19.28,28.8,28.54,28.62,29.86,692.34,16.24,0.19,33.87
73.71,42.74,55.17,45.11,36.61,41.27,84.21,27.63,62.93,6.79,55.57,6.77,0,23.6,28.81,28.55,28.65,29.89,713.47,16.96,0,35.84
45.58,34.75,40.94,41.12,30.21,35.47,92.1,71.09,80.89,1.69,41.15,24.83,0,21.05,28.9,28.75,28.82,30.07,239.77,3.58,0.01,4.65
37.53,31.65,35.68,36.79,27.66,33.06,97.14,80.06,90.24,0.67,35.69,30.41,0,20.54,28.93,28.81,28.87,30.13,122.99,2.32,0.45,3
37.02,28.24,34.49,35.72,22.19,31.06,96.55,70.76,87.45,0.82,34.6,32.37,0,33.62,29.1,28.82,28.93,30.18,160.96,2.41,0.24,2.97
47.28,22.54,34.2,23.04,11.06,18.12,82.93,24.12,55.61,3.53,34.98,30.09,0,21.56,29.17,29.03,29.1,30.36,710.1,16.76,0,38.51
61.34,31.59,44.42,31.66,16.44,22.94,71.67,20.16,46.05,6.38,45.89,18.54,0,28.43,29.11,28.88,28.99,30.24,704.49,16.56,0,37.84
56.84,31.47,42.91,32.82,20.47,28.84,91.24,24.61,62.56,4.43,45.27,20.85,0,17.03,29.22,29,29.12,30.38,694.78,16.2,0,36.1
68,36.31,51.38,38.02,25.53,32.9,74.43,29.03,51.54,7.45,52.14,12.84,0,26.02,29,28.69,28.83,30.08,667.49,15.22,0,34.51
68.13,42.16,53.12,48.03,37.84,43.58,90.9,47.32,71.14,4.49,54.35,9.86,0,17.24,28.88,28.68,28.74,29.99,656.25,0,0,31.38
68.04,41.6,55.07,51.02,36.55,43.24,83.19,44.86,65.97,5.89,55.45,10.18,0,18.34,29.01,28.89,28.95,30.21,660.38,14.39,0,29.94
65.53,56.93,61.23,63.83,50.81,58.89,97.09,71.09,92.16,1.46,61.3,3.77,0,25.95,28.96,28.8,28.88,30.13,294.36,3.24,0.2,3.44
58.6,31.47,37.36,56.79,22.41,32.17,96.62,64.35,81.88,1.3,37.89,19.96,0,33.76,29.22,28.86,29.12,30.39,204.03,3.08,0.26,3.82
51.85,29.87,40.17,34.76,20.02,25.2,82.53,32.51,57.01,4.06,40.78,24.14,0,11.11,29.22,29.01,29.12,30.38,659.91,11.68,0,25.14
70.36,35.74,51.94,49.08,32.57,41.98,90.58,42.65,71.16,5.06,52.57,11.95,0,19.73,29.02,28.8,28.89,30.14,647.01,14.72,0,33.78
74.05,46.42,59.76,56,45.71,51.47,97.96,51.79,76.14,5.3,60.07,4.77,0,20.67,28.81,28.59,28.7,29.94,674.6,13.35,0.01,27.69
58.78,19.82,35,49.71,6.19,26.88,93.29,52.58,72.72,2.08,35.22,25.7,0,48.07,29.39,28.61,29.04,30.3,102.17,1.99,0.01,2.26
36.28,13.75,24.48,12.29,2.45,7.52,78.29,24.46,50.77,2.5,24.92,39.98,0,26.37,29.4,29.02,29.27,30.54,660.97,15.1,0,37.17
51.49,23.34,35.87,20.78,11.45,15.03,70.37,22.08,44.72,4.59,36.25,27.58,0,27.34,29.02,28.73,28.86,30.11,633.76,14.4,0,36.25
55.24,24.88,39.21,32.03,18.56,27.49,90.37,39.08,64.87,3.56,41.52,24.94,0,24.85,29.16,28.87,29.05,30.31,622.05,14,0,34.17
58.42,25.48,42.54,34.32,22.85,28.67,96.33,31.98,62.64,4.65,44.8,23.05,0,13.08,29.16,28.99,29.08,30.34,633.21,14.32,0,33.92
62.94,36.72,49.29,33.42,28.27,31.04,71.98,30.43,51.24,6.63,49.75,15.17,0,22.66,28.99,28.76,28.87,30.12,633.5,13.03,0,31.03
63.54,34.42,48.93,38.4,28.77,33.46,83.28,35.6,57.01,5.82,50.39,16.02,0,25.37,28.82,28.75,28.78,30.03,598.4,13.09,0,30.67
72.88,34.73,52.92,40.76,29.7,35.71,87.49,27.98,56.29,7.88,55.86,11.2,0,26.6,28.77,28.56,28.65,29.9,595.77,13.24,0,32.11
76.6,37.88,58.56,45.79,33.01,38.38,90.22,24.92,52.68,10.52,61.25,7.76,0,22.21,28.74,28.61,28.66,29.91,608.47,13.56,0,31.92
71.98,57.24,62.95,61.72,42.92,55.47,92.92,52.8,77.24,4.53,63.2,0.39,0,30.91,28.64,28.55,28.61,29.85,659.28,6.9,0.06,12
64.9,41.1,51.64,62.46,39.12,48.65,96.3,74.72,89.62,1.39,51.77,12,0,25.66,28.85,28.62,28.74,29.99,358.39,2.49,0.21,3.12
40.8,31.02,37.86,39.42,29.03,35.45,96.78,83.35,90.98,0.69,38.05,29.09,0,31.43,28.92,28.79,28.86,30.11,171.72,2.46,0.71,3.23
54.43,30.58,41.37,38,29.11,34.15,94.73,51.48,76.98,2.47,42.79,22.49,0,19.51,28.84,28.76,28.8,30.05,708.57,12.66,0,31.8
69.06,30.26,49.1,37.5,28.15,32.22,97.42,24.86,59.16,7.09,51.59,15.34,0,21.27,28.79,28.46,28.65,29.89,610.53,13.59,0.01,33.37
65.14,32.45,48.81,40.74,29.69,36.65,93.64,35.14,65.77,4.97,51.77,16.21,0,13.88,28.46,28.34,28.38,29.62,602.31,12.16,0,28.37
69.62,38.36,52.6,45.24,11.22,34.16,92.41,14.47,54.2,7.53,53.93,11.01,0,45.52,28.74,28.21,28.33,29.56,506.99,8.21,0,14.37
47.07,27.76,39.45,28.19,20.42,23.84,82.62,36.07,54.89,3.99,39.77,27.59,0,30.85,29.12,28.74,28.99,30.25,659.54,10.73,0,23.97
40.85,36.56,39.04,40.26,28.34,37.1,98.52,60.86,92.94,0.56,39.05,26.29,0,18.79,29.11,28.96,29.03,30.28,103.72,1.46,0.35,1.59
56.46,40.63,44.93,56.36,40.3,44.65,99.65,97.36,98.96,0.11,44.93,16.46,0,22.57,28.97,28.48,28.76,30.01,135.09,1.33,0.24,1.37
63.52,40.44,52.66,56.46,18.64,34.64,99.67,18.29,58.06,6.25,53.41,13.02,0,42.23,28.67,28.39,28.5,29.74,585.28,12.41,0.03,30.93
50.7,34.74,41.4,25.67,19.27,22.52,57.77,35.34,47.13,4.85,41.88,22.28,0,34.85,28.99,28.67,28.84,30.09,581.16,12.62,0,33.86
51.37,27.66,39.93,26.75,20.16,23.96,83.56,33.72,54.53,4.21,41.14,25.48,0,18.57,29.08,28.79,28.95,30.21,571.92,9.36,0,17.88
61.66,36.36,46.1,35.21,26.45,30.38,82.25,29.31,56.23,5.32,47.66,15.99,0,17.24,28.8,28.66,28.72,29.97,621.71,11.62,0,26.71
64.02,30.63,49.41,36.75,26.94,33.14,89.82,30.5,57.21,6.44,51.06,17.67,0,11.62,28.86,28.72,28.79,30.04,685.78,8.81,0,19.23
71.04,49.17,57.6,45.26,34.76,39.18,74.82,35.85,51.18,8.47,58.79,4.89,0,19.89,28.72,28.52,28.62,29.87,549.93,11.51,0,29.1
54.68,34.86,44.73,41.45,27.26,34.3,78.35,54.95,66.95,3.47,45.29,20.23,0,33.62,29.1,28.7,28.99,30.25,566.74,11.23,0,27.52
60.22,27.89,43.8,38.17,17.75,28.38,93.02,22.02,60.6,5.11,45.47,20.94,0,19.51,29.09,28.77,28.97,30.22,576.11,11.06,0,25.63
66.51,45.57,55.38,48.16,37.81,44.3,83.74,44.9,67.55,5.39,55.96,8.96,0,25.95,28.77,28.37,28.54,29.78,428.96,6.31,0,10.85
59.02,33.15,45.42,45.22,15.22,30.63,73.63,45.56,56.21,4.61,46.15,18.92,0,34.63,28.94,28.35,28.62,29.87,375.27,3.86,0,5.8
46.85,28.16,35.98,17.93,9.03,14.18,62.26,22.59,42.21,4.43,36.98,27.49,0,16.3,29.16,28.94,29.06,30.32,569.5,10.61,0,24.61
54,27.3,39.78,34.14,15.37,26.66,80.71,42.56,60.3,3.75,40.26,24.35,0,21.63,29.22,29.03,29.13,30.39,565.08,11.79,0,30.6
55.96,37.84,45.7,34.98,30.62,33.04,77.46,43.37,62.26,4.3,46.06,18.1,0,25.79,29.03,28.75,28.88,30.13,553.71,11.81,0,30.56
60.49,31.74,44.71,41.12,30.44,35.9,96.67,42.45,73.58,3.4,47.59,18.88,0,10.82,28.75,28.56,28.64,29.88,569.91,10.77,0,24.22
49.62,33.78,41.2,35.45,30.81,32.32,91.04,49.54,71.28,2.69,42.16,23.3,0,14.83,28.7,28.58,28.63,29.87,509.17,5.3,0,10.82
38.44,32.26,34.38,37.91,30.23,33.1,98.38,89.6,95.03,0.33,34.38,29.65,0,23.31,28.73,28.52,28.61,29.85,103.96,1.78,0.02,2.14
32.98,26.48,30.15,32.17,23.37,27.13,97.78,79.97,88.5,0.65,30.19,35.27,0,28.95,29.03,28.67,28.85,30.1,174.85,2.18,0,2.43
48.06,19.45,31.81,28.64,16.78,21.79,94.01,34.55,70.03,2.4,33.62,31.25,0,17.68,29.17,29.04,29.11,30.37,556.89,11.98,0,31.09
56.68,22.78,38.23,21.37,10.14,15.86,78.27,15.97,44.96,5.4,41.08,25.27,0,12.06,29.14,29.03,29.07,30.33,566.22,12.16,0,31.03
57.2,29.59,42.7,22.37,11.85,17.01,62.58,16.95,38.17,6.54,43.64,21.6,0,24.47,29.05,28.93,29,30.25,624.92,11.59,0,29.9
51.08,39.41,43.32,39.17,21.14,30.15,88.17,43.73,61.03,3.8,43.43,19.76,0,18.92,29.06,28.96,29.01,30.26,561.47,5.8,0,7.39
43.88,40.29,42.37,41.61,37.8,39.77,98.33,83.88,90.59,0.89,42.47,22.91,0,9.28,29.12,29.03,29.07,30.33,129.94,1.73,0,2.65
50.95,30.06,39.09,39.26,29.46,36.46,99.62,60.1,91.11,0.9,40.52,24.49,0,12.57,29.06,28.89,28.99,30.24,556.93,7.64,0,17.52
62.29,23.93,44.73,40.86,23.58,33.05,100,34.98,68.97,4.66,47.1,21.89,0,17.83,28.9,28.77,28.83,30.08,628.22,10.04,0.01,22.5
68.95,39.45,53.89,38.14,30.02,34.32,79.8,23.55,50.9,8.17,54.52,10.8,0,21.63,28.78,28.61,28.69,29.94,609.54,11.26,0,24.82
70.95,48.34,57.9,48.84,36.53,40.11,79.98,31.1,53.59,8.4,58.28,5.35,0,26.24,28.67,28.56,28.61,29.85,538.06,11.32,0,28.76
66.99,39.82,51.18,51.77,32.24,41.71,99.59,27.83,74.55,4.01,51.94,11.6,0,16.08,28.92,28.66,28.78,30.03,574.54,8.32,0,15.77
54.63,37.31,45.18,51.46,33.2,40.27,93.72,75.63,83.05,1.83,45.19,19.03,0,17.03,28.92,28.64,28.82,30.07,269.83,3.64,0.02,4.6
60.04,46.78,56.27,58.76,43.62,54.06,96.88,86.32,92.31,1.19,56.85,11.59,0,32.95,28.64,28.33,28.46,29.7,72.87,0.92,0.53,0.91
46.81,32.61,39.73,43.46,25.12,30.74,92.11,44.72,71.67,2.49,40.62,25.29,0,27.18,28.73,28.46,28.59,29.83,677.4,9.94,0,23.19
49.01,29.77,37.01,26.62,17.55,22.58,82.6,30.75,58.84,3.54,38.5,25.61,0,28.5,28.95,28.72,28.84,30.09,569.95,12.29,0,33.11
52.39,25.57,38.17,24.8,12.41,19.65,79.18,20.12,51.87,4.59,39.74,26.02,0,17.1,29.01,28.78,28.9,30.16,575.06,12.48,0,31.26
